food_name,calories,protein,carbs,fat,fiber,sugar,sodium,calcium,iron,vitamin_c,category,source,protein_ratio,carb_ratio,fat_ratio,protein_fat_ratio,calorie_class,category_encoded
garlic chickpea soup (lahasun aur chane ka shoraba),89.53,4.45,13.92,2.01,2.84,2.65,79.73,13.93,0.96,13.24,Veg,processed,0.2184,0.683,0.0986,2.109,0.0,3
maa chaane ki dal,344.67,19.8,43.11,9.5,13.45,1.05,43.31,68.65,5.97,1.43,Dessert,processed,0.2734,0.5954,0.1312,2.0625,2.0,0
classic seasoned black beans,28.78,8.01,7.66,8.28,3.51,0.44,7989.07,40.11,1.9,8.54,Snacks,processed,0.3344,0.3198,0.3457,0.9558,0.0,2
soya seekh kebab,115.05,5.4,10.0,5.88,2.24,0.51,92.25,15.67,1.26,8.56,Veg,processed,0.2538,0.4699,0.2763,0.903,1.0,3
bread roll,435.46,2.85,16.12,40.25,1.45,0.94,139.34,44.83,0.71,6.79,Non-Veg,processed,0.0481,0.2722,0.6797,0.0706,3.0,1
jowar dosa,294.35,8.5,40.53,10.28,5.56,0.59,97.25,19.46,2.03,0.0,Dessert,processed,0.1433,0.6834,0.1733,0.8189,2.0,0
papdi,708.96,1.83,12.89,72.11,0.56,0.31,28.91,6.06,0.44,0.04,Non-Veg,processed,0.0211,0.1485,0.8305,0.0253,3.0,1
sev (omapodi/karapusa),609.14,5.12,12.87,60.08,2.35,0.53,53.19,13.95,0.72,0.0,Non-Veg,processed,0.0656,0.1649,0.7696,0.0851,3.0,1
gujarati handvo,207.09,8.24,31.86,4.8,4.95,2.51,308.55,68.21,2.03,31.39,Non-Veg,processed,0.1835,0.7096,0.1069,1.6816,2.0,1
dal dhokli,68.74,2.96,8.55,2.47,1.86,1.12,37.53,14.54,0.79,2.77,Veg,processed,0.2117,0.6116,0.1767,1.1518,0.0,3
panchmel dal,111.22,4.63,10.71,5.36,3.2,0.75,79.46,23.05,1.42,8.49,Veg,processed,0.2237,0.5174,0.2589,0.848,1.0,3
horsegram dal (kulthi dal),55.65,2.91,8.21,1.13,1.52,0.72,63.63,38.22,1.3,13.98,Veg,processed,0.2376,0.6702,0.0922,2.3659,0.0,3
split bengal gram dal (channa dal),99.67,4.15,9.99,4.62,3.72,0.98,46.4,21.99,1.92,13.38,Veg,processed,0.2212,0.5325,0.2463,0.8792,0.0,3
dalma,118.93,4.91,15.04,4.58,2.16,3.1,49.35,54.28,2.1,36.63,Veg,processed,0.2002,0.6131,0.1867,1.0491,1.0,3
dal makhani,74.04,3.32,7.96,3.06,2.27,0.8,41.85,20.62,1.23,9.19,Veg,processed,0.2315,0.5551,0.2134,1.0506,0.0,3
khandvi,120.0,10.0,18.0,6.0,2.0,3.0,380.0,25.0,5.0,1.0,Snacks,sheet1,0.2941,0.5294,0.1765,1.6393,1.0,2
dhokla,140.0,8.0,24.0,4.0,2.0,6.0,320.0,15.0,4.0,2.0,Snacks,sheet1,0.2222,0.6667,0.1111,1.9512,1.0,2
poha,160.0,4.0,30.0,6.0,3.0,4.0,280.0,20.0,6.0,8.0,Veg,sheet1,0.1,0.75,0.15,0.6557,1.0,3
upma,180.0,6.0,28.0,8.0,4.0,2.0,350.0,25.0,8.0,5.0,Veg,sheet1,0.1429,0.6667,0.1905,0.7407,1.0,3
bhatura,380.0,10.0,42.0,22.0,4.0,3.0,700.0,25.0,8.0,1.0,Veg,sheet1,0.1351,0.5676,0.2973,0.4525,3.0,3
puri,340.0,8.0,38.0,20.0,3.0,2.0,450.0,20.0,6.0,0.0,Veg,sheet1,0.1212,0.5758,0.303,0.398,2.0,3
paratha,320.0,8.0,42.0,18.0,5.0,3.0,600.0,35.0,4.0,2.0,Veg,sheet1,0.1176,0.6176,0.2647,0.442,2.0,3
naan,310.0,10.0,55.0,6.0,3.0,4.0,420.0,30.0,3.0,1.0,Veg,sheet1,0.1408,0.7746,0.0845,1.6393,2.0,3
roti,270.0,9.0,50.0,4.0,8.0,2.0,380.0,25.0,2.0,0.0,Veg,sheet1,0.1429,0.7937,0.0635,2.1951,2.0,3
jalebi,320.0,4.0,60.0,12.0,1.0,45.0,200.0,45.0,15.0,3.0,Dessert,sheet1,0.0526,0.7895,0.1579,0.3306,2.0,0
rasgulla,180.0,4.0,40.0,2.0,0.0,35.0,80.0,80.0,2.0,8.0,Dessert,sheet1,0.087,0.8696,0.0435,1.9048,1.0,0
gulab jamun,350.0,5.0,55.0,15.0,2.0,35.0,120.0,60.0,12.0,5.0,Dessert,sheet1,0.0667,0.7333,0.2,0.3311,2.0,0
kheer,220.0,6.0,30.0,12.0,1.0,20.0,180.0,120.0,8.0,2.0,Dessert,sheet1,0.125,0.625,0.25,0.4959,2.0,0
pakora,240.0,8.0,22.0,18.0,4.0,2.0,550.0,35.0,18.0,20.0,Snacks,sheet1,0.1667,0.4583,0.375,0.442,2.0,2
samosa,260.0,6.0,28.0,16.0,3.0,3.0,600.0,30.0,15.0,15.0,Snacks,sheet1,0.12,0.56,0.32,0.3727,2.0,2
vada,220.0,8.0,20.0,15.0,3.0,2.0,450.0,25.0,12.0,3.0,Snacks,sheet1,0.186,0.4651,0.3488,0.5298,2.0,2
thalipeeth,260.0,12.0,30.0,14.0,8.0,3.0,420.0,45.0,10.0,5.0,Veg,sheet1,0.2143,0.5357,0.25,0.8511,2.0,3
sabudana khichdi,180.0,4.0,32.0,6.0,2.0,4.0,240.0,15.0,4.0,3.0,Veg,sheet1,0.0952,0.7619,0.1429,0.6557,1.0,3
ragda patties,200.0,8.0,26.0,10.0,6.0,6.0,580.0,40.0,12.0,25.0,Snacks,sheet1,0.1818,0.5909,0.2273,0.7921,1.0,2
sev puri,220.0,6.0,24.0,14.0,3.0,8.0,520.0,30.0,10.0,18.0,Snacks,sheet1,0.1364,0.5455,0.3182,0.4255,2.0,2
bhel puri,160.0,4.0,28.0,6.0,4.0,12.0,480.0,25.0,8.0,20.0,Snacks,sheet1,0.1053,0.7368,0.1579,0.6557,1.0,2
vada pav,280.0,10.0,26.0,18.0,4.0,4.0,650.0,35.0,15.0,15.0,Snacks,sheet1,0.1852,0.4815,0.3333,0.5525,2.0,2
misal pav,200.0,12.0,24.0,8.0,8.0,6.0,720.0,60.0,18.0,35.0,Veg,sheet1,0.2727,0.5455,0.1818,1.4815,1.0,3
pav bhaji,240.0,8.0,32.0,12.0,6.0,8.0,680.0,40.0,12.0,45.0,Veg,sheet1,0.1538,0.6154,0.2308,0.6612,2.0,3
basundi,260.0,10.0,28.0,14.0,0.0,25.0,140.0,180.0,6.0,1.0,Dessert,sheet1,0.1923,0.5385,0.2692,0.7092,2.0,0
shrikhand,240.0,8.0,32.0,12.0,0.0,28.0,120.0,150.0,4.0,2.0,Dessert,sheet1,0.1538,0.6154,0.2308,0.6612,2.0,0
kadhi,120.0,6.0,14.0,6.0,2.0,4.0,280.0,80.0,3.0,5.0,Veg,sheet1,0.2308,0.5385,0.2308,0.9836,1.0,3
undhiyu,160.0,5.0,20.0,8.0,6.0,8.0,320.0,35.0,15.0,25.0,Veg,sheet1,0.1515,0.6061,0.2424,0.6173,1.0,3
muthia,180.0,8.0,20.0,12.0,8.0,4.0,380.0,30.0,10.0,12.0,Snacks,sheet1,0.2,0.5,0.3,0.6612,1.0,2
handvo,220.0,12.0,28.0,10.0,5.0,5.0,420.0,40.0,12.0,8.0,Snacks,sheet1,0.24,0.56,0.2,1.1881,2.0,2
khakhra,320.0,14.0,48.0,12.0,8.0,2.0,450.0,35.0,6.0,2.0,Veg,sheet1,0.1892,0.6486,0.1622,1.157,2.0,3
thepla,280.0,12.0,32.0,16.0,6.0,4.0,520.0,45.0,8.0,3.0,Veg,sheet1,0.2,0.5333,0.2667,0.7453,2.0,3
egg curry,170.0,14.0,4.0,12.0,1.0,1.0,520.0,65.0,18.0,8.0,Non-Veg,sheet1,0.4667,0.1333,0.4,1.157,1.0,1
kozhi curry,250.0,28.0,3.0,14.0,0.0,1.0,590.0,42.0,20.0,15.0,Non-Veg,sheet1,0.6222,0.0667,0.3111,1.9858,2.0,1
meen pollichathu,210.0,25.0,4.0,11.0,1.0,1.0,620.0,48.0,22.0,18.0,Non-Veg,sheet1,0.625,0.1,0.275,2.2523,2.0,1
meen curry,190.0,23.0,5.0,9.0,1.0,1.0,680.0,55.0,28.0,20.0,Non-Veg,sheet1,0.6216,0.1351,0.2432,2.5275,1.0,1
kappa,160.0,2.0,36.0,4.0,4.0,2.0,240.0,30.0,8.0,25.0,Veg,sheet1,0.0476,0.8571,0.0952,0.4878,1.0,3
puttu,200.0,6.0,30.0,8.0,4.0,2.0,320.0,25.0,8.0,2.0,Veg,sheet1,0.1364,0.6818,0.1818,0.7407,1.0,3
appam,180.0,4.0,32.0,6.0,3.0,4.0,280.0,20.0,6.0,1.0,Veg,sheet1,0.0952,0.7619,0.1429,0.6557,1.0,3
chirote,340.0,6.0,42.0,20.0,2.0,28.0,200.0,30.0,12.0,1.0,Dessert,sheet1,0.0882,0.6176,0.2941,0.2985,2.0,0
karanji,320.0,8.0,40.0,18.0,4.0,25.0,180.0,40.0,10.0,8.0,Dessert,sheet1,0.1212,0.6061,0.2727,0.442,2.0,0
modak,280.0,6.0,38.0,14.0,3.0,22.0,160.0,35.0,8.0,5.0,Dessert,sheet1,0.1034,0.6552,0.2414,0.4255,2.0,0
puran poli,300.0,8.0,48.0,12.0,6.0,18.0,280.0,25.0,8.0,2.0,Veg,sheet1,0.1176,0.7059,0.1765,0.6612,2.0,3
amti,110.0,7.0,17.0,3.0,6.0,2.0,320.0,30.0,3.0,3.0,Veg,sheet1,0.2593,0.6296,0.1111,2.2581,1.0,3
sol kadhi,60.0,2.0,8.0,4.0,2.0,6.0,180.0,40.0,2.0,15.0,Veg,sheet1,0.1429,0.5714,0.2857,0.4878,0.0,3
malvani fish,200.0,24.0,6.0,10.0,1.0,1.0,640.0,50.0,25.0,18.0,Non-Veg,sheet1,0.6,0.15,0.25,2.3762,1.0,1
kombdi vade,280.0,22.0,24.0,16.0,3.0,1.0,580.0,45.0,20.0,12.0,Non-Veg,sheet1,0.3548,0.3871,0.2581,1.3665,2.0,1
kolambi bhaat,220.0,18.0,28.0,8.0,2.0,2.0,520.0,35.0,15.0,8.0,Non-Veg,sheet1,0.3333,0.5185,0.1481,2.2222,2.0,1
keema,240.0,20.0,8.0,16.0,3.0,4.0,680.0,40.0,15.0,6.0,Veg,sheet1,0.4545,0.1818,0.3636,1.2422,2.0,3
lucknowi biryani,320.0,26.0,37.0,17.0,3.0,6.0,820.0,52.0,19.0,10.0,Non-Veg,sheet1,0.325,0.4625,0.2125,1.5205,2.0,1
kolkata biryani,310.0,24.0,38.0,16.0,4.0,8.0,780.0,45.0,18.0,12.0,Non-Veg,sheet1,0.3077,0.4872,0.2051,1.4907,2.0,1
hyderabadi biryani,340.0,27.0,36.0,19.0,2.0,5.0,880.0,58.0,22.0,9.0,Non-Veg,sheet1,0.3293,0.439,0.2317,1.4136,2.0,1
mutton biryani,330.0,25.0,35.0,20.0,3.0,6.0,850.0,55.0,20.0,8.0,Non-Veg,sheet1,0.3125,0.4375,0.25,1.2438,2.0,1
mutton curry,270.0,26.0,4.0,18.0,1.0,2.0,720.0,35.0,22.0,12.0,Non-Veg,sheet1,0.5417,0.0833,0.375,1.4365,2.0,1
puli inji,90.0,1.0,12.0,5.0,3.0,15.0,1400.0,18.0,5.0,20.0,Snacks,sheet1,0.0556,0.6667,0.2778,0.1961,0.0,2
lemon pickle,100.0,1.0,14.0,6.0,3.0,10.0,1600.0,12.0,6.0,35.0,Snacks,sheet1,0.0476,0.6667,0.2857,0.1639,0.0,2
mango pickle,120.0,1.0,12.0,8.0,4.0,8.0,1800.0,15.0,8.0,25.0,Snacks,sheet1,0.0476,0.5714,0.381,0.1235,1.0,2
inji curry,80.0,1.0,10.0,4.0,2.0,8.0,420.0,25.0,4.0,8.0,Veg,sheet1,0.0667,0.6667,0.2667,0.2439,0.0,3
kootu curry,180.0,8.0,16.0,12.0,9.0,4.0,440.0,60.0,25.0,40.0,Veg,sheet1,0.2222,0.4444,0.3333,0.6612,1.0,3
erissery,150.0,5.0,14.0,10.0,7.0,3.0,360.0,50.0,18.0,30.0,Veg,sheet1,0.1724,0.4828,0.3448,0.495,1.0,3
olan,100.0,2.0,12.0,6.0,4.0,5.0,280.0,35.0,6.0,15.0,Veg,sheet1,0.1,0.6,0.3,0.3279,0.0,3
thoran,160.0,6.0,14.0,12.0,8.0,4.0,420.0,40.0,15.0,25.0,Veg,sheet1,0.1875,0.4375,0.375,0.4959,1.0,3
kaalan,120.0,3.0,14.0,8.0,5.0,6.0,340.0,55.0,8.0,20.0,Veg,sheet1,0.12,0.56,0.32,0.3704,1.0,3
avial,140.0,4.0,12.0,10.0,6.0,4.0,380.0,45.0,12.0,35.0,Veg,sheet1,0.1538,0.4615,0.3846,0.396,1.0,3
chicken manchurian,280.0,25.0,14.0,18.0,3.0,10.0,820.0,42.0,22.0,35.0,Non-Veg,sheet1,0.4386,0.2456,0.3158,1.3812,2.0,1
chili chicken,270.0,26.0,12.0,16.0,2.0,8.0,780.0,48.0,20.0,45.0,Non-Veg,sheet1,0.4815,0.2222,0.2963,1.6149,2.0,1
chicken 65,300.0,28.0,9.0,20.0,1.0,4.0,920.0,38.0,24.0,12.0,Non-Veg,sheet1,0.4912,0.1579,0.3509,1.393,2.0,1
andhra chicken,290.0,30.0,8.0,19.0,2.0,3.0,1050.0,42.0,25.0,15.0,Non-Veg,sheet1,0.5263,0.1404,0.3333,1.5707,2.0,1
chicken chettinad,280.0,31.0,7.0,18.0,3.0,2.0,980.0,45.0,28.0,18.0,Non-Veg,sheet1,0.5536,0.125,0.3214,1.7127,2.0,1
palak chicken,260.0,29.0,8.0,16.0,4.0,3.0,640.0,55.0,22.0,35.0,Non-Veg,sheet1,0.5472,0.1509,0.3019,1.8012,2.0,1
matar paneer,240.0,15.0,14.0,18.0,5.0,6.0,580.0,165.0,16.0,20.0,Veg,sheet1,0.3191,0.2979,0.383,0.8287,2.0,3
kadai paneer,260.0,16.0,10.0,20.0,4.0,5.0,620.0,180.0,20.0,25.0,Veg,sheet1,0.3478,0.2174,0.4348,0.796,2.0,3
shahi paneer,280.0,14.0,12.0,22.0,3.0,6.0,560.0,220.0,18.0,18.0,Veg,sheet1,0.2917,0.25,0.4583,0.6335,2.0,3
malai kofta,240.0,8.0,20.0,18.0,4.0,8.0,520.0,55.0,12.0,15.0,Veg,sheet1,0.1739,0.4348,0.3913,0.442,2.0,3
navratan korma,200.0,6.0,18.0,16.0,5.0,12.0,480.0,65.0,15.0,20.0,Veg,sheet1,0.15,0.45,0.4,0.3727,1.0,3
chicken korma,290.0,28.0,6.0,22.0,2.0,3.0,820.0,48.0,25.0,12.0,Non-Veg,sheet1,0.5,0.1071,0.3929,1.267,2.0,1
reshmi kebab,270.0,26.0,2.0,20.0,0.0,1.0,680.0,42.0,22.0,3.0,Non-Veg,sheet1,0.5417,0.0417,0.4167,1.2935,2.0,1
galouti kebab,280.0,23.0,4.0,22.0,1.0,2.0,780.0,35.0,20.0,5.0,Non-Veg,sheet1,0.4694,0.0816,0.449,1.0407,2.0,1
shami kebab,250.0,22.0,6.0,16.0,2.0,3.0,720.0,45.0,16.0,10.0,Non-Veg,sheet1,0.5,0.1364,0.3636,1.3665,2.0,1
seekh kebab,260.0,24.0,3.0,18.0,1.0,2.0,750.0,38.0,18.0,8.0,Non-Veg,sheet1,0.5333,0.0667,0.4,1.326,2.0,1
egg fried rice,250.0,14.0,32.0,12.0,3.0,5.0,600.0,38.0,16.0,8.0,Non-Veg,sheet1,0.2414,0.5517,0.2069,1.157,2.0,1
chicken fried rice,280.0,18.0,30.0,14.0,2.0,4.0,650.0,35.0,18.0,15.0,Non-Veg,sheet1,0.2903,0.4839,0.2258,1.2766,2.0,1
schezwan rice,260.0,9.0,30.0,16.0,3.0,8.0,780.0,32.0,16.0,25.0,Veg,sheet1,0.1636,0.5455,0.2909,0.559,2.0,3
fried rice,240.0,10.0,32.0,12.0,3.0,4.0,580.0,28.0,14.0,12.0,Veg,sheet1,0.1852,0.5926,0.2222,0.8264,2.0,3
chowmein,220.0,8.0,28.0,14.0,4.0,6.0,620.0,30.0,12.0,18.0,Veg,sheet1,0.16,0.56,0.28,0.5674,2.0,3
thukpa,120.0,8.0,16.0,4.0,2.0,2.0,480.0,25.0,8.0,12.0,Snacks,sheet1,0.2857,0.5714,0.1429,1.9512,1.0,2
momos,180.0,12.0,20.0,8.0,2.0,3.0,520.0,35.0,15.0,8.0,Snacks,sheet1,0.3,0.5,0.2,1.4815,1.0,2
spring roll,200.0,8.0,24.0,12.0,3.0,6.0,580.0,25.0,12.0,15.0,Snacks,sheet1,0.1818,0.5455,0.2727,0.6612,1.0,2
paneer manchurian,260.0,16.0,16.0,20.0,4.0,10.0,720.0,165.0,18.0,25.0,Veg,sheet1,0.3077,0.3077,0.3846,0.796,2.0,3
gobi manchurian,220.0,6.0,20.0,16.0,5.0,12.0,680.0,35.0,15.0,40.0,Veg,sheet1,0.1429,0.4762,0.381,0.3727,2.0,3
garlic soup,194.86,2.38,6.99,17.62,1.66,2.39,179.26,60.55,0.73,11.12,Non-Veg,processed,0.0882,0.259,0.6528,0.1343,1.0,1
lemon coriander soup,108.06,2.27,10.32,6.26,6.77,2.2,219.17,102.57,3.47,8.6,Veg,processed,0.1204,0.5475,0.3321,0.3569,1.0,3
millet soup,55.99,11.26,8.22,12.57,2.82,1.45,10918.83,65.21,2.74,4.23,Veg,processed,0.3513,0.2565,0.3922,0.8887,0.0,3
curried cauliflower soup,37.32,6.72,3.12,9.77,2.34,1.79,7311.44,37.25,2.12,51.86,Snacks,processed,0.3427,0.1591,0.4982,0.6809,0.0,2
paneer soup,47.85,3.22,2.42,2.8,0.28,1.98,68.03,82.76,0.3,7.59,Snacks,processed,0.3815,0.2867,0.3318,1.1103,0.0,2
sweet corn soup,32.25,0.99,3.56,1.63,0.31,0.9,22.35,3.72,0.41,10.33,Snacks,processed,0.1602,0.5761,0.2638,0.5723,0.0,2
pumpkin soup,40.05,0.47,2.08,3.2,1.19,1.47,45.5,12.17,0.19,11.5,Snacks,processed,0.0817,0.3617,0.5565,0.1424,0.0,2
baked potato soup,147.05,5.73,5.85,11.21,0.3,3.44,268.69,106.56,0.27,18.93,Veg,processed,0.2514,0.2567,0.4919,0.5066,1.0,3
bottle gourd soup (ghiya/lauki soup),23.05,0.45,1.16,1.79,0.96,0.39,53.81,15.14,0.26,6.0,Snacks,processed,0.1324,0.3412,0.5265,0.2381,0.0,2
whey soup,68.91,3.45,6.26,3.34,0.84,5.87,87.08,164.92,0.55,2.55,Veg,processed,0.2644,0.4797,0.2559,1.0029,0.0,3
ham and bean soup,96.04,10.61,4.18,4.15,0.54,1.43,378.14,20.52,0.88,22.31,Veg,processed,0.5602,0.2207,0.2191,2.4965,0.0,3
tutti frutti cake,347.72,4.49,52.94,12.68,0.85,28.08,106.36,61.41,0.62,1.9,Dessert,processed,0.064,0.7551,0.1809,0.3513,2.0,0
almond cardamom cake (badam elaichi cake),356.35,7.18,34.53,21.36,2.35,18.06,155.37,81.29,1.29,0.37,Dessert,processed,0.1138,0.5475,0.3387,0.3346,3.0,0
honey cake,333.59,3.08,49.04,14.7,0.51,33.43,72.55,50.86,0.46,0.53,Dessert,processed,0.0461,0.7339,0.22,0.2081,2.0,0
finger millet cake (ragi cake),279.46,3.96,38.93,12.27,2.35,24.76,98.26,118.38,1.35,0.76,Dessert,processed,0.0718,0.7058,0.2224,0.3201,2.0,0
semolina cake (suji/rava cake),374.14,6.58,31.32,25.18,5.37,18.86,91.36,128.28,1.36,0.94,Dessert,processed,0.1043,0.4965,0.3992,0.2603,3.0,0
carrot cake (gajar ka cake),255.59,5.6,35.98,10.27,2.93,23.96,158.74,156.1,1.03,3.12,Dessert,processed,0.108,0.6939,0.1981,0.54,2.0,0
mango cheesecake,152.46,2.39,20.06,7.3,1.14,15.36,107.12,55.1,0.53,24.93,Non-Veg,processed,0.0803,0.6743,0.2454,0.323,1.0,1
wheat cake,314.63,4.79,41.13,14.95,2.76,25.79,82.96,98.91,1.08,0.76,Dessert,processed,0.0787,0.6757,0.2456,0.3183,2.0,0
banana chips (kele ke chips),665.67,0.37,7.32,70.46,0.65,4.37,86.87,2.01,0.19,4.03,Non-Veg,processed,0.0047,0.0937,0.9016,0.0052,3.0,1
jackfruit fritters (ponsa mulik/kathal ka pakora),597.79,2.34,24.0,54.41,1.5,11.48,46.39,24.62,1.15,0.32,Non-Veg,processed,0.029,0.2972,0.6738,0.0429,3.0,1
spicy corn chaat,479.8,4.61,11.45,46.55,2.17,0.95,86.5,17.28,0.84,14.1,Non-Veg,processed,0.0736,0.1829,0.7435,0.0988,3.0,1
semolina dhokla (suji/rava dhokla),194.91,5.44,30.86,5.2,5.12,1.85,443.39,31.17,2.52,3.66,Non-Veg,processed,0.1311,0.7436,0.1253,1.0264,1.0,1
rice murukku,593.99,5.41,33.29,48.22,2.18,0.17,63.31,24.63,1.7,0.0,Non-Veg,processed,0.0622,0.383,0.5548,0.112,3.0,1
veg manchurian,585.64,0.89,6.82,61.65,1.16,0.76,65.31,16.79,0.31,15.1,Non-Veg,processed,0.0128,0.0983,0.8888,0.0144,3.0,1
banana appam,469.81,1.17,20.06,42.53,0.67,9.95,20.14,13.74,0.77,4.03,Non-Veg,processed,0.0184,0.3146,0.667,0.0274,3.0,1
khakhra chaat,358.66,4.52,16.64,30.65,3.04,3.26,102.78,24.49,1.26,46.67,Dessert,processed,0.0872,0.3212,0.5916,0.147,3.0,0
quinoa khichdi/khichri,64.01,3.18,8.83,1.59,2.58,0.69,69.64,24.59,1.12,9.13,Veg,processed,0.2338,0.6493,0.1169,1.8817,0.0,3
buckwheat pancake (khura),263.3,2.91,27.28,16.43,0.56,0.64,69.97,11.32,0.69,0.66,Dessert,processed,0.0624,0.5852,0.3524,0.176,2.0,0
rice puttu (ari puttu),81.98,1.26,11.82,3.13,0.76,0.33,48.28,4.96,0.42,0.0,Veg,processed,0.0777,0.7292,0.1931,0.3901,0.0,3
methi thepla,346.16,8.98,41.34,15.95,7.56,2.98,543.27,73.51,4.52,1.06,Dessert,processed,0.1355,0.6238,0.2407,0.5595,2.0,0
moong bean dosa (pesarattu),285.96,12.32,31.91,11.67,6.04,2.9,61.36,36.44,3.38,1.48,Dessert,processed,0.2204,0.5708,0.2088,1.0467,2.0,0
vegetable namkeen jave,112.23,2.93,18.98,2.51,2.86,1.04,32.13,10.32,1.07,12.45,Veg,processed,0.12,0.7772,0.1028,1.1226,1.0,3
gram flour chilla/cheela (besan chilla/cheela),135.93,7.8,21.03,2.85,4.25,1.87,135.57,28.38,2.19,1.73,Veg,processed,0.2462,0.6638,0.09,2.6441,1.0,3
sago khitchdi/khichri (sabudana khitchdi/khichri),187.16,2.72,22.41,10.1,1.82,1.03,100.26,15.13,0.86,13.41,Non-Veg,processed,0.0772,0.6361,0.2867,0.2667,1.0,1
green chutney,79.42,5.42,10.01,1.6,5.84,0.92,262.81,112.74,4.58,7.35,Veg,processed,0.3183,0.5878,0.094,3.1882,0.0,3
pav bhaji masala,230.47,9.13,29.15,10.96,24.3,1.48,1814.66,588.91,12.84,0.06,Non-Veg,processed,0.1854,0.592,0.2226,0.8255,2.0,1
tamarind chutney (chintapandu pachadi/puli chutney),109.15,0.88,25.07,0.48,1.65,22.85,75.61,40.3,1.95,0.03,Veg,processed,0.0333,0.9485,0.0182,1.5172,1.0,3
chicken and cheese souffle,182.35,9.07,3.47,14.74,0.26,2.46,120.93,61.71,0.63,2.4,Non-Veg,processed,0.3325,0.1272,0.5403,0.6112,1.0,1
masala souffle,123.51,6.38,8.02,7.37,1.24,1.84,131.14,103.68,0.74,382.64,Veg,processed,0.2931,0.3684,0.3385,0.8541,1.0,3
spinach and paneer souffle,186.19,7.56,9.64,13.49,1.07,2.81,434.68,114.32,1.4,10.82,Non-Veg,processed,0.2463,0.3141,0.4396,0.5563,1.0,1
kale salad,177.71,4.86,5.01,15.33,1.36,3.31,292.04,109.11,1.3,30.49,Non-Veg,processed,0.1929,0.1988,0.6083,0.315,1.0,1
green chilli raita (hari mirch ka raita),77.13,5.58,7.66,2.92,0.26,7.49,161.31,193.58,0.21,4.3,Veg,processed,0.3453,0.474,0.1807,1.8477,0.0,3
onion raita (pyaaz ka raita),71.56,4.86,7.86,2.43,0.65,7.07,189.96,163.8,0.3,8.44,Veg,processed,0.3208,0.5188,0.1604,1.9209,0.0,3
pomegranate raita (anaar ka raita),72.64,4.05,7.15,3.24,0.6,7.01,195.18,138.31,0.25,4.6,Veg,processed,0.2805,0.4952,0.2244,1.2126,0.0,3
cabbage raita (pattagobhi raita),84.84,3.24,5.25,5.76,0.93,4.21,125.31,118.49,0.19,28.29,Veg,processed,0.2274,0.3684,0.4042,0.5529,0.0,3
macaroni salad,262.19,5.02,21.63,17.78,0.56,3.73,163.99,35.7,0.77,22.15,Dessert,processed,0.113,0.4868,0.4002,0.2808,2.0,0
chicken salad,338.19,15.33,1.3,30.26,2.0,0.96,50.62,43.19,1.23,4.92,Dessert,processed,0.3269,0.0277,0.6453,0.5049,2.0,0
dates chutney (khajoor ki chutney),103.57,1.07,21.69,1.12,3.41,18.68,76.77,28.72,1.19,3.41,Veg,processed,0.0448,0.9083,0.0469,0.877,1.0,3
onion chutney (pyaaz ki chutney/vengaya chutney),143.94,2.97,13.52,8.38,4.6,6.8,256.89,28.5,1.19,2.83,Veg,processed,0.1194,0.5436,0.337,0.3502,1.0,3
schezwan chutney,205.19,3.33,10.79,17.72,5.72,5.66,486.27,35.46,1.96,26.36,Non-Veg,processed,0.1046,0.3389,0.5565,0.1869,2.0,1
garlic chutney/poondu chutney (lahasun ki chutney),255.51,3.34,20.44,17.55,5.15,13.36,177.62,63.51,3.26,5.7,Dessert,processed,0.0808,0.4946,0.4246,0.1892,2.0,0
sauteed radishes with green beans,94.32,2.41,6.04,6.61,3.52,1.78,65.1,40.2,1.01,6.55,Veg,processed,0.16,0.4011,0.4389,0.3592,0.0,3
roasted cauliflower steak,78.68,2.05,2.02,6.7,3.53,0.44,120.19,24.47,0.95,47.14,Veg,processed,0.1903,0.1876,0.6221,0.3015,0.0,3
paneer lababdar,105.48,3.98,3.37,8.46,1.16,1.96,142.45,55.56,0.56,27.48,Veg,processed,0.2517,0.2132,0.5351,0.465,1.0,3
gobi 65,278.29,0.56,3.59,29.11,0.57,0.29,69.22,12.37,0.3,27.52,Dessert,processed,0.0168,0.1079,0.8752,0.0192,2.0,0
cabbage manchurian (pattagobhi manchurian),224.26,0.64,4.85,22.48,0.37,0.33,75.02,3.18,0.2,28.39,Non-Veg,processed,0.0229,0.1734,0.8037,0.0283,2.0,1
paaner do pyaza,127.7,4.22,3.41,10.87,0.84,2.2,160.66,57.22,0.45,16.81,Veg,processed,0.2281,0.1843,0.5876,0.3847,1.0,3
cajun chicken,184.94,12.69,1.94,13.99,0.89,1.1,1740.13,156.98,0.53,45.44,Non-Veg,processed,0.4434,0.0678,0.4888,0.9006,1.0,1
corn omelette/omlet,166.93,11.37,1.57,12.89,0.02,0.41,166.42,96.22,1.34,2.9,Non-Veg,processed,0.4402,0.0608,0.499,0.8753,1.0,1
spinach mushroom scrambled egg (palak mushroom bhurji),158.85,13.28,0.59,11.51,0.39,0.1,227.97,140.31,1.6,2.27,Non-Veg,processed,0.5232,0.0232,0.4535,1.1438,1.0,1
egg in a pepper,128.78,12.64,0.17,8.68,0.17,0.05,183.89,48.25,1.76,33.6,Veg,processed,0.5882,0.0079,0.4039,1.4396,1.0,3
baked eggs in tomato sauce,80.05,4.92,3.78,5.22,0.01,2.03,188.21,71.94,1.31,245.7,Veg,processed,0.3534,0.2716,0.375,0.9248,0.0,3
lemon butter fish,160.25,16.38,0.75,10.26,0.36,0.23,187.72,18.66,0.4,8.7,Non-Veg,processed,0.598,0.0274,0.3746,1.5811,1.0,1
lemon chicken,169.79,20.2,0.55,9.66,0.16,0.16,79.93,17.4,0.95,8.94,Non-Veg,processed,0.6643,0.0181,0.3177,2.0697,1.0,1
handi chicken,166.02,12.32,1.49,12.46,0.67,0.75,75.64,26.85,0.93,1.47,Non-Veg,processed,0.469,0.0567,0.4743,0.9809,1.0,1
hariyali fish tikka,150.24,14.01,2.21,9.41,0.99,0.83,100.45,34.86,0.83,11.11,Non-Veg,processed,0.5466,0.0862,0.3671,1.4732,1.0,1
fish orly,563.7,5.87,4.27,58.18,0.33,0.24,136.37,9.55,0.31,1.35,Non-Veg,processed,0.0859,0.0625,0.8516,0.1007,3.0,1
afghani chicken,151.51,15.66,1.95,9.07,0.31,0.83,87.02,35.14,1.04,3.54,Non-Veg,processed,0.587,0.0731,0.34,1.7077,1.0,1
mango murabba candy,293.35,0.27,77.32,0.05,0.95,74.73,13.71,16.55,0.33,19.85,Dessert,processed,0.0035,0.9959,0.0006,1.8,2.0,0
potato pickle (aloo ka achaar),369.14,2.07,7.87,36.46,2.21,0.82,213.73,48.46,1.12,10.14,Dessert,processed,0.0446,0.1696,0.7858,0.0566,3.0,0
coconut pickle (nariyal ka aachar),517.26,3.02,11.53,51.71,6.35,8.98,176.54,44.78,2.62,1.71,Non-Veg,processed,0.0456,0.174,0.7804,0.0583,3.0,1
pickled cabbage,13.69,0.39,2.56,0.14,0.61,2.08,121.39,15.96,0.19,16.63,Snacks,processed,0.1262,0.8285,0.0453,1.625,0.0,2
green tomato pickle (haray tamatar ka achaar),193.26,1.23,2.87,19.67,1.74,0.77,159.18,14.22,0.77,8.21,Non-Veg,processed,0.0517,0.1207,0.8275,0.0622,1.0,1
small onion pickle,16.86,1.65,2.76,0.64,1.09,2.99,249.48,31.95,1.2,19.37,Snacks,processed,0.3267,0.5465,0.1267,2.2297,0.0,2
pickled mustard greens,13.12,1.51,1.05,0.22,1.7,0.02,242.36,81.44,1.22,301.6,Snacks,processed,0.5432,0.3777,0.0791,4.7188,0.0,2
raw mango drink (aam panna),35.92,0.16,9.05,0.03,0.61,7.49,79.82,7.08,0.14,45.3,Snacks,processed,0.0173,0.9794,0.0032,1.2308,0.0,2
iced tea,10.34,0.03,2.7,0.01,0.0,2.7,0.23,1.18,0.02,5.95,Snacks,processed,0.0109,0.9854,0.0036,0.2727,0.0,2
espreso coffee,51.54,1.75,6.62,2.14,0.0,6.53,13.98,58.1,0.15,1.51,Veg,processed,0.1665,0.6299,0.2036,0.7812,0.0,3
instant coffee,23.16,0.64,3.65,0.75,0.0,3.62,4.92,20.87,0.06,1.51,Snacks,processed,0.127,0.7242,0.1488,0.7529,0.0,2
hot tea (garam chai),16.14,0.39,2.58,0.53,0.0,2.58,3.12,14.2,0.02,0.5,Snacks,processed,0.1114,0.7371,0.1514,0.619,0.0,2
sweet peach pickle (aadoo ka achaar),144.64,0.46,37.01,0.2,1.32,36.46,33.04,11.99,0.33,7.36,Veg,processed,0.0122,0.9825,0.0053,1.5333,1.0,3
fermented bamboo shoot pickle (mesu pickle),59.83,1.58,1.73,5.59,2.24,0.29,161.31,16.62,0.69,19.87,Veg,processed,0.1775,0.1944,0.6281,0.2777,0.0,3
garlic pickle (lahasun ka achar),413.62,3.72,9.75,39.88,5.13,2.32,269.12,54.66,1.82,7.33,Non-Veg,processed,0.0697,0.1828,0.7475,0.093,3.0,1
date pickle (khajoor ka achaar),182.29,1.68,34.66,4.21,5.2,30.47,138.86,41.49,1.96,3.46,Non-Veg,processed,0.0414,0.8547,0.1038,0.3898,1.0,1
lotus stem pickle (kamal kakdi ka achar),102.69,1.44,20.07,1.6,8.58,2.53,181.83,137.73,20.57,12.35,Veg,processed,0.0623,0.8685,0.0692,0.8471,1.0,3
gooseberry pickle (amla ka achaar),278.58,1.55,7.61,27.61,3.7,0.36,86.38,31.17,1.04,4.85,Dessert,processed,0.0422,0.207,0.7509,0.0559,2.0,0
starfruit preserves,128.93,0.24,33.62,0.12,0.78,33.47,2.06,5.24,0.2,17.65,Veg,processed,0.0071,0.9894,0.0035,1.0909,1.0,3
pear preserves (naashpati ka murabba),101.24,0.25,25.67,0.19,3.06,25.19,2.1,6.57,0.23,15.65,Veg,processed,0.0096,0.9831,0.0073,0.8621,1.0,3
peach blueberry preserves,177.38,0.53,45.76,0.2,1.14,45.33,2.81,9.03,0.33,16.56,Non-Veg,processed,0.0114,0.9843,0.0043,1.7667,1.0,1
tutti fruitti biscuit,420.78,5.21,53.12,17.9,5.43,15.75,93.11,23.81,1.96,0.0,Non-Veg,processed,0.0683,0.6968,0.2348,0.2894,3.0,1
olive biscuit,438.29,3.2,55.01,23.75,0.82,32.27,120.1,10.76,1.37,0.0,Non-Veg,processed,0.039,0.6712,0.2898,0.1342,3.0,1
cranberry cookies,272.48,3.92,36.39,12.66,1.13,19.96,58.25,36.16,0.71,5.52,Dessert,processed,0.074,0.687,0.239,0.3072,2.0,0
milk cookies,459.43,10.49,48.43,24.96,0.99,22.06,156.53,251.59,0.75,2.03,Non-Veg,processed,0.1251,0.5774,0.2976,0.4186,3.0,1
hazelnut cookies,493.32,6.25,39.44,34.97,2.45,22.01,81.06,47.43,1.29,0.0,Non-Veg,processed,0.0775,0.489,0.4335,0.1782,3.0,1
cardamom cookies (elaichi cookies),400.49,5.1,53.99,19.12,2.79,38.99,98.45,25.21,1.41,0.0,Non-Veg,processed,0.0652,0.6903,0.2445,0.2653,3.0,1
sunflower cookies,520.62,9.49,40.06,36.28,3.95,24.28,181.68,70.45,2.21,0.0,Non-Veg,processed,0.1106,0.4667,0.4227,0.2609,3.0,1
lassi (salted),18.84,1.35,1.86,0.72,0.02,1.84,65.4,47.78,0.04,1.02,Snacks,processed,0.3435,0.4733,0.1832,1.6463,0.0,2
sweet lassi (meethi lassi),35.66,1.29,6.51,0.68,0.0,6.51,18.31,45.65,0.03,1.0,Snacks,processed,0.1521,0.7677,0.0802,1.6538,0.0,2
egg nog,97.14,4.78,8.15,5.11,0.02,8.06,40.65,102.13,0.43,4.82,Veg,processed,0.265,0.4518,0.2833,0.9175,0.0,3
orange milkshake (narangi milkshake),57.42,1.86,7.11,2.52,0.0,7.08,14.63,67.42,0.11,10.82,Veg,processed,0.1619,0.6188,0.2193,0.7099,0.0,3
pineapple milkshake (ananas milkshake),55.72,1.66,7.62,2.23,0.0,7.6,14.05,59.92,0.11,10.22,Veg,processed,0.1442,0.662,0.1937,0.7124,0.0,3
mango milkshake (aam milkshake),56.9,1.73,7.23,2.35,0.26,7.15,13.27,62.33,0.15,20.1,Veg,processed,0.153,0.6393,0.2078,0.7061,0.0,3
banana milkshake (kele milkshake),65.31,1.84,9.15,2.37,0.26,7.96,13.61,62.64,0.13,6.84,Veg,processed,0.1377,0.6849,0.1774,0.7449,0.0,3
cold coffee with ice cream,67.85,1.57,11.24,2.11,0.01,11.18,13.84,53.29,0.12,2.53,Veg,processed,0.1052,0.7534,0.1414,0.7104,0.0,3
hot cocoa,90.1,3.36,9.23,4.56,0.0,9.01,24.2,113.66,0.31,3.62,Veg,processed,0.1959,0.5382,0.2659,0.721,0.0,3
summer cooler,22.43,0.37,5.43,0.04,0.2,5.21,1.57,8.13,0.28,103.5,Snacks,processed,0.0634,0.9298,0.0068,2.6429,0.0,2
coco pine cooler,32.75,0.56,5.72,1.0,0.26,5.52,23.2,17.81,0.13,10.67,Snacks,processed,0.0769,0.7857,0.1374,0.5091,0.0,2
cumin infused water (jeere/zeere ka pani),9.09,0.17,1.86,0.11,0.46,1.46,189.6,10.84,0.32,3.61,Snacks,processed,0.0794,0.8692,0.0514,0.8095,0.0,2
lem-o-gin,21.52,0.08,5.55,0.03,0.13,5.38,28.13,2.2,0.09,5.68,Snacks,processed,0.0141,0.9806,0.0053,0.6154,0.0,2
lemonade,20.8,0.03,5.48,0.01,0.02,5.47,28.52,1.84,0.05,5.27,Snacks,processed,0.0054,0.9928,0.0018,0.2727,0.0,2
fruit punch (with squashes),23.13,0.07,5.99,0.02,0.17,5.88,2.26,3.3,0.06,15.08,Snacks,processed,0.0115,0.9852,0.0033,0.5833,0.0,2
fruit punch (with fresh juices),36.12,0.14,9.38,0.03,0.06,9.25,2.63,5.07,0.1,41.44,Snacks,processed,0.0147,0.9822,0.0031,1.0769,0.0,2
sweet open sandwich,244.25,4.99,39.24,8.15,2.36,12.23,205.27,85.18,1.15,1.65,Non-Veg,processed,0.0953,0.7491,0.1556,0.6048,2.0,1
egg and tomato sandwich (ande aur tamatar ka sandwich),222.11,7.66,25.9,10.51,1.77,2.09,423.26,95.71,1.3,1.98,Non-Veg,processed,0.1738,0.5877,0.2385,0.722,2.0,1
vegetable and mayonnaise sandwich,244.26,4.47,23.2,15.4,2.35,2.35,342.7,79.53,0.91,12.9,Non-Veg,processed,0.1038,0.5387,0.3576,0.2884,2.0,1
salami sandwich,255.59,8.7,21.54,15.51,1.97,2.0,662.75,73.54,1.11,1.25,Dessert,processed,0.1902,0.4708,0.339,0.5573,2.0,0
carrot apple sandwich (gajar aur seb ka sandwich),214.11,5.3,29.04,9.12,3.66,5.3,302.88,118.05,1.8,2.7,Non-Veg,processed,0.122,0.6682,0.2098,0.5748,2.0,1
pin wheel sandwich,311.52,8.77,14.0,24.93,0.93,1.45,374.39,67.75,1.36,0.0,Dessert,processed,0.1839,0.2935,0.5226,0.3504,2.0,0
vegetarian club sandwich,198.33,5.45,19.68,11.33,2.06,2.08,305.36,122.44,0.77,6.0,Non-Veg,processed,0.1495,0.5398,0.3108,0.4768,1.0,1
club sandwich,235.32,7.31,18.51,15.12,1.81,2.01,461.66,115.68,0.86,6.0,Non-Veg,processed,0.1786,0.4521,0.3693,0.4803,2.0,1
rainbow sandwich,272.75,7.75,34.26,12.54,2.1,4.05,612.49,172.04,1.2,1.01,Dessert,processed,0.1421,0.628,0.2299,0.6131,2.0,0
peanut and tomato sandwich (moongfali aur tamatar ka sandwich),291.43,9.53,28.54,16.14,4.03,2.82,364.99,94.03,1.58,3.16,Dessert,processed,0.1758,0.5265,0.2977,0.5868,2.0,0
chicken sandwich,253.27,13.12,25.38,11.75,1.64,1.6,389.67,89.56,1.19,0.0,Dessert,processed,0.2611,0.5051,0.2338,1.1072,2.0,0
cheese and tomato sandwich (cheese aur tamatar ke sandwich),243.32,7.92,26.92,12.27,1.97,2.85,549.71,191.2,1.0,3.16,Non-Veg,processed,0.1681,0.5714,0.2605,0.6403,2.0,1
cheese and pineapple sandwich (cheese aur ananas ka sandwich),257.71,8.2,29.1,12.8,2.33,4.1,571.96,199.73,1.04,3.64,Dessert,processed,0.1637,0.5808,0.2555,0.6357,2.0,0
cucumber sandwich (kheere ka sandwich),188.6,4.8,25.77,8.0,2.45,1.64,362.64,87.84,1.02,1.53,Non-Veg,processed,0.1244,0.6681,0.2074,0.5926,1.0,1
egg sandwich (ande ka sandwich),285.96,8.69,29.16,15.8,1.88,1.86,461.67,110.13,1.44,0.0,Dessert,processed,0.162,0.5435,0.2945,0.5465,2.0,0
cheese and chilli sandwich,218.11,6.8,27.4,9.78,2.08,2.38,437.5,113.79,0.99,12.3,Non-Veg,processed,0.1546,0.623,0.2224,0.6883,2.0,1
puffed wheat (murmure/moori),113.32,3.62,15.67,4.04,0.28,7.31,22.52,103.79,0.63,4.82,Veg,processed,0.1552,0.6717,0.1732,0.8744,1.0,3
murmura (puffed rice),113.32,3.62,15.67,4.04,0.28,7.31,22.52,103.79,0.63,4.82,Veg,processed,0.1552,0.6717,0.1732,0.8744,1.0,3
wheat flakes,112.44,3.62,15.57,3.99,0.37,7.28,22.4,103.15,0.62,4.82,Veg,processed,0.1562,0.6717,0.1721,0.8851,1.0,3
rice flakes (chiwda/aval),112.44,3.62,15.57,3.99,0.37,7.28,22.4,103.15,0.62,4.82,Veg,processed,0.1562,0.6717,0.1721,0.8851,1.0,3
cornflakes with milk,117.33,3.59,14.95,5.12,0.78,9.97,26.55,106.47,0.42,4.82,Veg,processed,0.1517,0.6319,0.2164,0.6877,1.0,3
oatmeal porridge,72.85,2.6,8.77,3.22,0.39,5.2,16.14,76.83,0.28,5.03,Veg,processed,0.1782,0.6011,0.2207,0.7831,0.0,3
semolina porridge (suji/rava daliya),100.89,3.75,12.39,4.08,0.7,7.54,23.21,108.52,0.36,5.03,Veg,processed,0.1855,0.6128,0.2018,0.8971,1.0,3
cracked wheat porridge (meetha daliya),81.57,2.64,8.87,4.08,0.62,5.12,15.89,75.88,0.32,5.03,Veg,processed,0.1693,0.569,0.2617,0.6316,0.0,3
sesame toast,495.19,1.9,11.15,49.38,1.32,1.46,128.78,43.44,0.72,6.92,Non-Veg,processed,0.0304,0.1786,0.791,0.0384,3.0,1
classic club sandwich,200.83,6.74,18.49,11.56,1.62,1.86,277.49,107.73,1.09,16.19,Non-Veg,processed,0.1832,0.5026,0.3142,0.578,2.0,1
pea keema sandwich (toasted) (matar aur keema ka sandwich),171.78,11.06,20.26,5.61,2.45,1.94,290.07,70.79,1.51,5.5,Non-Veg,processed,0.2995,0.5486,0.1519,1.937,1.0,1
chicken sandwich (toasted),167.37,12.08,18.82,5.32,1.64,2.13,327.55,99.99,0.99,12.97,Non-Veg,processed,0.3335,0.5196,0.1469,2.2288,1.0,1
paneer pea sandwich (toasted) (paneer matar ka sandwich),249.56,12.4,24.05,11.98,2.12,6.4,268.9,274.1,1.26,4.85,Non-Veg,processed,0.256,0.4966,0.2474,1.0265,2.0,1
pea potato sandwich (toasted) (matar aloo ka sandwich),164.9,4.6,25.17,5.43,2.89,1.33,262.63,64.15,1.11,14.11,Non-Veg,processed,0.1307,0.7151,0.1543,0.8318,1.0,1
cheese and tomato sandwich (toasted) (cheese aur tamatar ke sandwich (toasted)),224.58,6.82,21.42,12.95,1.78,2.67,457.94,169.22,0.82,6.32,Non-Veg,processed,0.1656,0.52,0.3144,0.5226,2.0,1
mushroom and cheese sandwich (toasted),227.42,7.79,21.01,13.01,2.28,2.11,456.57,172.35,0.84,0.0,Non-Veg,processed,0.1863,0.5025,0.3112,0.5942,2.0,1
clear tomato soup (tamatar ka soup),80.07,4.79,3.45,12.22,1.96,1.44,5135.74,29.05,1.14,53.16,Veg,processed,0.2341,0.1686,0.5973,0.3888,0.0,3
chicken stock,29.88,3.69,0.37,1.51,0.1,0.2,58.58,3.57,0.18,0.84,Snacks,processed,0.6625,0.0664,0.2711,2.2919,0.0,2
vegetable stock,17.6,0.3,0.96,1.38,0.38,0.44,49.75,5.08,0.12,7.58,Snacks,processed,0.1136,0.3636,0.5227,0.2027,0.0,2
brown stock,21.32,1.95,0.25,1.38,0.09,0.14,44.6,17.16,0.3,1.5,Snacks,processed,0.5447,0.0698,0.3855,1.3176,0.0,2
khoa and coconut pancake,271.98,6.98,27.32,15.29,1.65,16.47,101.0,157.22,1.12,0.73,Dessert,processed,0.1408,0.5509,0.3083,0.4535,2.0,0
jam and fruit pancake,162.02,3.79,20.73,7.01,1.21,7.85,93.09,54.06,0.52,6.48,Non-Veg,processed,0.1202,0.6575,0.2223,0.5331,1.0,1
vegetable pancake,125.18,3.87,12.24,6.57,2.48,2.09,116.69,42.89,0.79,20.63,Veg,processed,0.1706,0.5397,0.2897,0.5802,1.0,3
keema pancake,176.27,9.01,9.56,11.25,0.84,2.2,125.4,40.96,0.93,4.64,Non-Veg,processed,0.3021,0.3206,0.3773,0.7938,1.0,1
pancake,203.36,5.68,20.49,10.82,0.65,3.32,143.7,79.49,0.69,0.5,Non-Veg,processed,0.1536,0.5539,0.2925,0.5201,2.0,1
stuffed egg omelette/omlet,203.51,8.6,2.3,17.77,0.75,1.57,267.19,89.91,0.91,8.29,Non-Veg,processed,0.3,0.0802,0.6198,0.4813,2.0,1
plain omelette/omlet,272.41,9.66,0.64,25.74,0.12,0.51,226.18,48.4,1.35,0.3,Dessert,processed,0.268,0.0178,0.7142,0.3738,2.0,0
baked egg,218.85,11.88,15.42,12.65,1.03,1.66,523.29,164.05,1.48,0.0,Non-Veg,processed,0.2974,0.386,0.3166,0.9318,2.0,1
scrambled egg (ande ki bhurji),155.97,10.29,1.35,12.21,0.24,1.08,374.66,64.59,1.42,0.3,Non-Veg,processed,0.4314,0.0566,0.5119,0.8359,1.0,1
poached egg,123.87,11.98,0.37,8.19,0.3,0.05,1163.07,48.24,1.75,0.0,Veg,processed,0.5833,0.018,0.3987,1.4451,1.0,3
fried egg,223.67,11.59,0.31,19.62,0.29,0.0,446.96,46.4,1.69,0.0,Non-Veg,processed,0.3677,0.0098,0.6225,0.5877,2.0,1
boiled egg (ubla anda),45.35,4.43,0.12,3.04,0.11,0.0,170.94,17.75,0.64,0.0,Snacks,processed,0.5837,0.0158,0.4005,1.4108,0.0,2
cold summer garden soup,49.19,8.57,2.65,14.08,1.86,0.46,9919.62,43.93,2.13,16.3,Snacks,processed,0.3387,0.1047,0.5565,0.6044,0.0,2
cold cucumber soup (thanda kheere ka soup),48.03,2.99,4.58,1.99,0.88,3.34,121.32,99.79,0.32,5.05,Snacks,processed,0.3128,0.4791,0.2082,1.4306,0.0,2
talaumein soup,35.63,10.12,4.17,12.78,1.94,0.77,11088.14,42.33,2.23,12.62,Snacks,processed,0.3738,0.154,0.4721,0.7857,0.0,2
hot and sour soup,31.51,3.12,1.78,1.31,0.6,0.66,163.26,10.68,0.43,24.59,Snacks,processed,0.5024,0.2866,0.211,2.2128,0.0,2
french onion soup,55.61,11.41,4.28,14.39,1.01,1.5,11202.89,106.22,3.52,5.35,Veg,processed,0.3793,0.1423,0.4784,0.7874,0.0,3
chinese cabbage and meat ball soup,484.31,5.21,1.43,56.57,0.57,0.37,4249.41,41.07,1.52,16.72,Non-Veg,processed,0.0824,0.0226,0.895,0.0919,3.0,1
egg drop soup,26.64,12.93,1.1,13.52,0.81,0.6,12418.84,100.14,3.93,8.51,Snacks,processed,0.4693,0.0399,0.4907,0.9493,0.0,2
minestrone soup,42.66,9.3,3.71,11.09,1.92,1.01,8875.06,53.55,1.82,19.43,Snacks,processed,0.3859,0.1539,0.4602,0.8311,0.0,2
chicken sweet corn soup,28.32,14.48,1.63,12.59,0.47,0.27,12205.33,91.5,3.83,2.02,Snacks,processed,0.5045,0.0568,0.4387,1.1411,0.0,2
cream of mushroom soup,117.28,6.64,3.74,15.5,1.34,1.93,5276.06,70.56,1.81,5.79,Veg,processed,0.2566,0.1445,0.5989,0.4256,1.0,3
cream of mixed vegetable soup,59.65,6.84,4.93,9.05,2.14,2.1,5655.45,65.26,1.36,39.02,Veg,processed,0.3285,0.2368,0.4347,0.7475,0.0,3
cream of spinach soup,100.54,5.21,3.45,13.31,1.74,1.13,4429.81,70.77,2.1,63.34,Veg,processed,0.2371,0.157,0.6058,0.3885,1.0,3
cream of green peas soup,127.84,7.13,6.75,14.78,2.95,1.61,4999.7,51.01,1.48,52.28,Veg,processed,0.2488,0.2355,0.5157,0.4792,1.0,3
cream of tomato soup,97.81,4.61,3.93,13.12,1.38,1.81,4461.22,39.61,0.95,53.23,Veg,processed,0.2128,0.1814,0.6057,0.3487,0.0,3
chicken consomme (clear chicken soup),47.94,11.47,1.19,12.02,1.57,0.54,8953.64,35.48,1.82,2.1,Snacks,processed,0.4647,0.0482,0.487,0.9464,0.0,2
lentil soup,31.17,9.65,3.94,11.68,2.57,1.06,10418.84,40.57,2.26,17.9,Snacks,processed,0.3819,0.1559,0.4622,0.8192,0.0,2
potato stuffed poori (aloo ki poori),776.74,1.52,9.4,81.35,1.64,0.26,69.86,5.57,0.7,1.39,Non-Veg,processed,0.0165,0.1019,0.8817,0.0187,3.0,1
dal stuffed poori,785.16,2.08,10.14,81.69,1.96,0.29,128.18,6.88,0.83,0.42,Non-Veg,processed,0.0221,0.108,0.8699,0.0254,3.0,1
methi poori,710.02,1.45,7.98,74.6,1.61,0.26,35.37,14.61,0.81,2.91,Non-Veg,processed,0.0173,0.095,0.8878,0.0194,3.0,1
spinach poori (palak poori),684.25,1.42,7.76,71.86,1.55,0.24,35.47,10.02,0.79,3.03,Non-Veg,processed,0.0175,0.0958,0.8867,0.0197,3.0,1
poori,737.63,1.35,8.22,77.61,1.46,0.23,31.73,3.98,0.6,0.0,Non-Veg,processed,0.0155,0.0943,0.8902,0.0174,3.0,1
besan and spinach parantha/paratha (besan aur palak ka parantha/paratha),216.49,5.54,21.39,12.09,4.39,1.31,177.19,33.07,1.85,6.65,Non-Veg,processed,0.142,0.5482,0.3098,0.4545,2.0,1
paneer parantha/paratha,262.97,7.98,24.33,14.62,4.0,3.77,142.52,127.65,1.7,1.69,Dessert,processed,0.17,0.5184,0.3115,0.5421,2.0,0
keema parantha/paratha,238.09,9.41,18.36,13.91,3.44,0.99,140.62,19.35,1.8,1.8,Non-Veg,processed,0.2258,0.4405,0.3337,0.6717,2.0,1
pea parantha/paratha (matar ka parantha/paratha),190.73,5.59,21.51,8.8,5.61,1.29,109.99,23.49,1.78,17.8,Non-Veg,processed,0.1557,0.5992,0.2451,0.6281,1.0,1
sprouted moong parantha/paratha,228.59,4.29,24.31,12.43,4.49,1.47,153.94,20.33,1.94,2.0,Non-Veg,processed,0.1046,0.5925,0.3029,0.3424,2.0,1
dal parantha/paratha,268.24,6.78,30.03,13.05,6.46,1.43,156.13,23.89,2.45,1.8,Dessert,processed,0.136,0.6023,0.2617,0.5156,2.0,0
cauliflower parantha/paratha (phoolgobhi ka parantha/paratha),178.07,3.73,18.84,9.47,4.68,1.15,190.03,22.0,1.59,17.61,Non-Veg,processed,0.1164,0.588,0.2956,0.3898,1.0,1
radish parantha/paratha (mooli ka parantha/paratha),183.52,3.3,20.54,9.53,4.32,1.31,127.03,23.75,1.39,8.44,Non-Veg,processed,0.0989,0.6155,0.2856,0.3427,1.0,1
potato parantha/paratha (aloo ka parantha/paratha),205.04,3.7,23.92,10.22,4.18,1.15,127.2,17.38,1.52,7.98,Non-Veg,processed,0.0978,0.6321,0.2701,0.3585,2.0,1
plain parantha/paratha,298.3,5.06,30.69,16.86,5.43,0.86,62.07,14.81,1.98,0.0,Dessert,processed,0.0962,0.5833,0.3205,0.2983,2.0,0
chapati/roti,202.31,5.88,35.65,3.56,6.31,1.0,1.16,17.22,2.28,0.0,Non-Veg,processed,0.1304,0.7906,0.079,1.6066,2.0,1
tamarind rice (chintapandu pulihora/puliyodharai/puli sadam/huli anna),373.04,7.45,65.08,8.53,5.12,11.65,162.41,50.94,2.89,0.84,Dessert,processed,0.0919,0.8029,0.1052,0.8633,3.0,0
curd rice (dahi bhaat/dahi chawal/ perugu annam/daddojanam/thayir saadam),195.74,5.75,32.93,4.32,2.13,3.91,213.29,101.52,0.59,5.1,Non-Veg,processed,0.1337,0.7658,0.1005,1.3009,1.0,1
sweet rice (meethe chawal),215.41,2.1,42.59,4.57,1.13,24.8,3.2,11.38,0.34,0.21,Non-Veg,processed,0.0426,0.8646,0.0928,0.4497,2.0,1
"lemon rice (pulihora, elumichai sadam, chitranna)",176.3,4.26,21.62,7.88,2.52,0.78,187.11,12.7,0.77,10.2,Non-Veg,processed,0.1262,0.6404,0.2334,0.5338,1.0,1
vegetable biryani/biriyani,174.61,3.16,18.56,9.51,3.31,2.14,183.79,33.52,0.86,39.35,Non-Veg,processed,0.1012,0.5943,0.3045,0.3288,1.0,1
mutton biryani/biriyani,190.76,7.38,22.5,7.72,2.42,2.39,262.64,68.58,1.29,10.28,Non-Veg,processed,0.1963,0.5984,0.2053,0.9437,1.0,1
green chickpeas pulao (choliya pulao/hare chane ka pulao),173.43,4.88,27.57,4.82,3.15,2.48,170.05,18.94,0.95,5.43,Non-Veg,processed,0.1309,0.7397,0.1293,0.9919,1.0,1
navratan pulao,261.71,6.2,36.98,9.45,3.82,2.52,334.26,59.61,1.1,12.89,Dessert,processed,0.1178,0.7026,0.1796,0.6492,2.0,0
peanut pulao,193.28,5.32,21.18,9.51,2.9,1.6,168.4,18.52,0.83,3.42,Non-Veg,processed,0.1477,0.5882,0.2641,0.5536,1.0,1
paneer pulao,581.91,1.98,8.76,59.81,0.62,1.11,72.28,33.09,0.26,3.42,Non-Veg,processed,0.0281,0.1242,0.8478,0.033,3.0,1
sprouted moong pulao,112.97,2.19,17.49,3.61,1.78,1.43,153.16,16.26,0.65,7.53,Veg,processed,0.094,0.751,0.155,0.5903,1.0,3
mushroom pulao,124.29,2.52,19.02,4.03,1.88,1.0,222.36,13.54,0.39,3.42,Veg,processed,0.0986,0.7438,0.1576,0.6102,1.0,3
mixed vegetable pulao,113.05,2.72,17.49,3.33,2.67,1.35,187.92,19.61,0.6,26.15,Veg,processed,0.1155,0.743,0.1415,0.793,1.0,3
plain pulao,140.21,2.34,21.82,4.62,1.69,1.15,193.76,12.76,0.41,3.42,Veg,processed,0.0813,0.7582,0.1605,0.4958,1.0,3
boiled rice (uble chawal),117.19,2.6,25.72,0.18,1.25,0.22,1.05,2.7,0.24,0.0,Veg,processed,0.0912,0.9025,0.0063,9.2857,1.0,3
tandoori parantha/paratha,295.37,5.08,30.74,16.51,5.44,0.86,1.14,14.98,1.96,0.0,Dessert,processed,0.0971,0.5874,0.3155,0.3058,2.0,0
semolina dosa (suji/rava dosa),227.05,7.3,32.84,7.12,4.04,4.37,202.36,116.04,1.39,2.28,Non-Veg,processed,0.1545,0.6949,0.1507,1.0111,2.0,1
masala dosa,164.58,3.29,19.57,7.84,2.52,1.33,191.28,15.58,0.79,14.14,Non-Veg,processed,0.1072,0.6375,0.2554,0.4144,1.0,1
idli,137.54,4.64,28.18,0.33,2.31,0.28,100.83,8.0,0.68,0.0,Veg,processed,0.14,0.8501,0.01,10.7907,1.0,3
fettuccine with spinach sauce,129.21,3.1,12.19,7.83,0.77,1.18,153.59,53.67,1.28,38.37,Veg,processed,0.1341,0.5272,0.3387,0.3909,1.0,3
chicken lasagne,187.49,10.45,13.9,10.36,0.11,2.74,238.55,119.98,0.64,4.23,Non-Veg,processed,0.3011,0.4005,0.2985,0.999,1.0,1
pasta hot pot,125.17,5.84,11.6,6.47,0.8,5.99,231.17,55.28,0.82,58.74,Veg,processed,0.2442,0.4852,0.2706,0.8889,1.0,3
penne platter,177.4,5.04,20.87,8.71,1.09,4.5,283.37,67.67,0.9,16.35,Non-Veg,processed,0.1456,0.6028,0.2516,0.5721,1.0,1
spaghetti and cheese balls in tomato sauce,508.32,2.41,7.82,52.08,0.59,1.83,104.14,40.59,0.32,57.67,Non-Veg,processed,0.0387,0.1255,0.8358,0.0462,3.0,1
cheese noodle ring,133.67,6.22,13.96,6.12,1.27,2.84,241.96,99.3,0.79,24.19,Veg,processed,0.2365,0.5308,0.2327,1.0,1.0,3
chicken chowmein,151.33,6.33,13.3,8.23,1.64,1.63,288.15,26.1,0.89,84.96,Non-Veg,processed,0.2272,0.4774,0.2954,0.7599,1.0,1
vegetable chowmein,129.71,3.07,15.44,6.36,1.86,1.97,258.47,28.33,0.99,85.39,Veg,processed,0.1234,0.6208,0.2557,0.4752,1.0,3
macroni cheese pie,170.63,5.85,21.1,7.48,0.4,3.4,200.51,122.01,0.54,14.65,Non-Veg,processed,0.1699,0.6128,0.2173,0.7718,1.0,1
chinese fried rice,120.58,4.05,13.4,5.43,2.31,1.47,248.36,34.7,0.99,67.39,Veg,processed,0.177,0.5857,0.2373,0.7324,1.0,3
spanish rice,164.24,4.19,31.1,2.23,2.78,1.26,96.61,18.93,0.92,48.66,Non-Veg,processed,0.1117,0.8289,0.0594,1.7983,1.0,1
lobia curry,148.99,6.06,17.88,5.62,4.57,2.51,355.41,36.8,2.21,15.13,Veg,processed,0.205,0.6049,0.1901,1.0594,1.0,3
chickpeas curry (safed channa curry),163.43,6.1,19.98,6.84,4.73,4.78,357.99,30.61,1.82,16.33,Non-Veg,processed,0.1853,0.6069,0.2078,0.879,1.0,1
black channa curry/bengal gram curry (kale chane ki curry),140.68,5.67,14.11,6.61,7.99,2.36,358.63,53.87,2.43,15.13,Veg,processed,0.2149,0.5347,0.2505,0.845,1.0,3
moti mahal dal (urad rajmah mix dal),103.13,3.93,8.74,5.66,3.38,1.7,157.61,38.13,1.05,15.45,Veg,processed,0.2144,0.4768,0.3088,0.6823,1.0,3
whole urad (urad ki dal),53.8,2.21,5.05,2.62,2.32,0.57,126.12,13.07,0.78,10.28,Veg,processed,0.2237,0.5111,0.2652,0.8125,0.0,3
whole moth (moth ki dal),55.0,2.01,5.74,2.62,1.85,0.66,125.08,18.98,0.95,11.04,Veg,processed,0.1938,0.5535,0.2527,0.739,0.0,3
whole masoor (masoor ki dal),54.05,2.28,5.37,2.52,1.98,0.67,123.72,12.2,0.95,11.04,Veg,processed,0.2242,0.528,0.2478,0.8702,0.0,3
whole moong (moong ki dal),53.7,2.25,5.22,2.56,2.02,0.59,123.86,13.58,0.68,11.04,Veg,processed,0.2243,0.5204,0.2552,0.8459,0.0,3
mixed dal,61.93,2.51,5.79,3.1,1.62,0.34,141.36,11.0,0.78,1.1,Veg,processed,0.2202,0.5079,0.2719,0.7844,0.0,3
dry washed urad,124.71,6.85,15.66,3.5,4.06,0.73,295.79,27.08,1.89,1.46,Veg,processed,0.2634,0.6021,0.1346,1.9028,1.0,3
split bengal gram with bottle gourd (channa dal with ghiya/lauki),73.25,2.79,7.1,3.6,2.72,1.05,149.47,14.33,0.99,15.2,Veg,processed,0.2068,0.5263,0.2669,0.7541,0.0,3
washed urad dal (dhuli urad ki dal),61.32,2.51,5.84,2.98,1.53,0.32,142.21,10.24,0.72,0.99,Veg,processed,0.2215,0.5154,0.263,0.8149,0.0,3
washed moong dal (dhuli moong ki dal),50.0,2.68,5.91,1.68,1.17,0.12,150.64,8.48,0.64,0.04,Snacks,processed,0.261,0.5755,0.1636,1.5056,0.0,2
makki ki roti,263.97,3.49,24.19,16.85,5.19,0.7,236.22,14.76,1.11,1.99,Dessert,processed,0.0784,0.5432,0.3784,0.2059,2.0,0
paneer kaathi roll,285.94,6.92,20.1,19.55,2.4,3.29,221.03,101.66,1.42,18.67,Dessert,processed,0.1486,0.4316,0.4198,0.3522,2.0,0
onion tomato uttapam,462.02,1.91,11.32,45.3,1.26,0.8,143.53,5.82,0.36,4.78,Non-Veg,processed,0.0326,0.1934,0.774,0.0421,3.0,1
carrot and cabbage with coconut (nariyal ke saath pattagobhi aur gajar),106.61,1.82,4.99,8.62,4.52,2.36,219.6,48.63,0.84,41.01,Veg,processed,0.118,0.3234,0.5587,0.2087,1.0,3
cauliflower with coconut (nariyal ke saath phoolgobhi),132.11,2.64,3.99,11.56,5.27,1.71,286.06,35.37,1.33,51.79,Veg,processed,0.1451,0.2194,0.6355,0.2264,1.0,3
beans with coconut (nariyal aur sem/phali; beans thoran),131.63,2.62,4.39,11.39,5.59,2.06,271.65,51.92,1.34,6.03,Veg,processed,0.1424,0.2386,0.619,0.228,1.0,3
dry potato (sookhe aloo),103.15,1.62,14.38,4.18,1.88,0.33,199.99,17.2,0.83,23.23,Veg,processed,0.0803,0.7126,0.2071,0.3785,1.0,3
brinjal bhartha (baingan ka bhartha),65.12,1.38,4.4,4.48,3.27,1.82,132.15,17.85,0.48,24.05,Veg,processed,0.1345,0.4288,0.4366,0.3013,0.0,3
potato fenugreek (aloo methi),135.15,2.25,8.47,10.04,2.93,0.54,221.93,107.8,2.53,68.76,Veg,processed,0.1084,0.408,0.4836,0.2219,1.0,3
carrot and fenugreek leaves (gajar methi),61.92,2.1,4.17,3.81,4.43,2.11,262.91,128.83,2.72,51.83,Veg,processed,0.2083,0.4137,0.378,0.5371,0.0,3
cabbage and peas (pattagobhi aur matar),63.88,3.24,6.24,2.64,3.99,0.97,253.73,45.5,1.1,54.84,Veg,processed,0.2673,0.5149,0.2178,1.1825,0.0,3
potato capsicum (shimla mirch aloo),125.53,1.41,8.72,9.33,2.02,0.54,277.92,16.45,0.86,81.26,Veg,processed,0.0725,0.4481,0.4794,0.1495,1.0,3
potato cauliflower (aloo gobhi),106.18,1.9,5.99,8.13,3.02,0.44,254.76,22.87,1.07,61.11,Veg,processed,0.1186,0.3739,0.5075,0.2309,1.0,3
sprouted moong dal chat,32.47,1.35,6.01,0.32,1.35,1.57,87.07,16.54,0.88,38.78,Snacks,processed,0.1758,0.7826,0.0417,3.2143,0.0,2
khatta channa,202.57,6.3,21.14,10.56,5.26,4.75,513.32,40.77,1.94,20.89,Non-Veg,processed,0.1658,0.5563,0.2779,0.591,2.0,1
besan kadhi with pakodies,403.35,1.64,3.56,42.59,0.81,0.88,60.8,24.53,0.38,4.17,Non-Veg,processed,0.0343,0.0745,0.8912,0.0384,3.0,1
sambar,96.92,3.35,10.57,4.38,3.52,3.31,159.54,30.24,1.24,20.35,Veg,processed,0.1831,0.5776,0.2393,0.7478,0.0,3
kidney bean curry (rajmah curry),143.73,5.95,16.38,5.77,5.83,2.49,354.6,47.87,2.27,16.33,Veg,processed,0.2117,0.5829,0.2053,1.0136,1.0,3
soyabean curry,163.28,10.43,6.76,10.19,7.34,2.66,352.69,65.13,2.79,15.13,Non-Veg,processed,0.3809,0.2469,0.3722,1.0136,1.0,1
pea kofta curry (matar kofta curry),595.66,2.01,4.17,63.39,1.7,0.88,83.07,13.84,0.56,74.66,Non-Veg,processed,0.0289,0.0599,0.9112,0.0317,3.0,1
gravy for kofta,125.59,1.75,6.31,10.35,1.96,3.73,312.86,39.65,0.75,17.05,Veg,processed,0.0951,0.3427,0.5622,0.1675,1.0,3
lotus stem curry (kamal kakdi curry),110.34,1.53,9.24,7.25,3.14,2.09,217.05,26.59,1.71,40.01,Veg,processed,0.0849,0.5128,0.4023,0.2082,1.0,3
paneer curry,176.52,7.8,8.4,12.38,1.4,6.29,216.09,189.06,0.81,20.04,Non-Veg,processed,0.2729,0.2939,0.4332,0.625,1.0,1
pea vadi curry,101.95,4.64,8.9,5.08,4.28,1.92,149.51,23.62,1.2,77.64,Veg,processed,0.2492,0.478,0.2728,0.8958,1.0,3
pea curry (matar ki sabzi),102.99,4.51,9.2,5.11,4.44,1.98,154.75,24.48,1.2,77.64,Veg,processed,0.2396,0.4888,0.2715,0.8656,1.0,3
pea mushroom curry (matar mushroom),93.3,3.87,7.41,5.16,3.86,1.82,155.48,22.7,0.97,58.44,Veg,processed,0.2354,0.4507,0.3139,0.7357,0.0,3
pea paneer curry (matar paneer),134.83,6.61,9.29,7.75,3.3,3.89,157.34,105.2,1.08,58.44,Veg,processed,0.2795,0.3928,0.3277,0.842,1.0,3
pea potato curry (aloo matar),100.92,3.48,9.74,5.13,3.61,1.86,154.83,21.1,1.02,70.01,Veg,processed,0.1896,0.5308,0.2796,0.6654,1.0,3
stuffed tomatoes (bharwa tamatar),93.35,3.28,6.19,6.06,2.2,2.68,165.85,59.16,0.62,28.23,Veg,processed,0.2112,0.3986,0.3902,0.5325,0.0,3
stuffed brinjal (bharwa baingan),93.0,1.53,3.96,7.73,4.09,0.92,212.88,24.37,0.75,1.13,Veg,processed,0.1157,0.2995,0.5847,0.1954,0.0,3
stuffed capsicum (bharwa shimla mirch),90.94,1.34,8.26,5.7,2.01,1.21,173.94,15.17,0.61,74.25,Veg,processed,0.0876,0.5399,0.3725,0.231,0.0,3
stuffed round gourd (bharwa tinde),72.8,1.1,4.02,5.75,2.1,1.96,180.15,20.21,0.59,37.36,Veg,processed,0.1012,0.3698,0.529,0.188,0.0,3
stuffed okra (bharwa bhindi),94.34,2.08,3.85,7.66,4.15,0.48,210.03,86.89,1.18,22.65,Veg,processed,0.1531,0.2833,0.5636,0.268,0.0,3
raw papaya with coconut (papaya thoran),132.75,1.54,5.58,11.42,4.31,3.82,270.56,33.74,0.82,25.38,Veg,processed,0.0831,0.301,0.616,0.1337,1.0,3
raw turnip with coconut,132.15,1.8,5.78,11.47,2.79,4.4,275.55,50.65,0.82,21.65,Veg,processed,0.0945,0.3034,0.6021,0.1556,1.0,3
dum aloo,682.33,0.7,3.33,74.01,0.68,0.71,183.85,16.49,0.36,29.39,Non-Veg,processed,0.009,0.0427,0.9484,0.0094,3.0,1
baked brinjal in tomato sauce,38.63,1.58,4.13,1.62,2.34,2.2,79.66,26.24,0.32,68.38,Snacks,processed,0.2156,0.5634,0.221,0.9186,0.0,2
shepherd's pie (vegetarian),135.63,5.04,12.03,7.3,2.23,2.78,118.2,85.59,0.76,51.68,Veg,processed,0.2068,0.4936,0.2995,0.6811,1.0,3
baked potato with skin,135.77,3.43,11.11,8.5,1.2,1.66,354.5,90.06,0.5,11.88,Veg,processed,0.1489,0.4822,0.3689,0.3988,1.0,3
baked vegetables with spinach,77.79,3.22,6.93,4.03,2.33,2.09,122.85,78.63,1.16,78.95,Veg,processed,0.2271,0.4887,0.2842,0.7797,0.0,3
cauliflower musallam (phoolgobhi musallam),58.83,1.89,4.48,3.55,3.06,1.71,123.36,24.61,0.83,71.44,Veg,processed,0.1905,0.4516,0.3579,0.5178,0.0,3
baked vegetables,88.99,3.67,8.44,4.44,2.34,2.56,124.7,80.2,0.62,47.05,Veg,processed,0.2218,0.51,0.2683,0.8084,0.0,3
vegetarian egg kofta curry,627.41,1.33,4.26,67.24,0.64,1.19,95.89,28.39,0.39,35.58,Non-Veg,processed,0.0183,0.0585,0.9232,0.0198,3.0,1
spinach paneer kofta curry (palak paneer kofta curry),606.03,1.43,2.94,65.41,0.75,1.16,99.37,37.71,0.68,47.34,Non-Veg,processed,0.0205,0.0421,0.9374,0.0218,3.0,1
ghiya/lauki kofta curry,638.71,0.89,2.71,69.4,0.83,0.82,91.43,11.64,0.33,21.87,Non-Veg,processed,0.0122,0.0371,0.9507,0.0128,3.0,1
cabbage kofta curry (pattagobhi kofta curry),639.81,0.98,2.87,69.4,0.9,0.89,92.85,15.46,0.34,43.56,Non-Veg,processed,0.0134,0.0392,0.9474,0.0141,3.0,1
cauliflower kofta curry (phoolgobhi kofta curry),641.1,1.04,2.62,69.62,1.0,0.83,93.65,12.26,0.4,53.98,Non-Veg,processed,0.0142,0.0358,0.9501,0.0149,3.0,1
raw banana kofta curry (kela kofta curry),627.27,0.62,3.4,67.98,0.59,2.3,88.4,9.23,0.28,23.63,Non-Veg,processed,0.0086,0.0472,0.9442,0.0091,3.0,1
lotus stem kofta curry (kamal kakdi kofta curry),633.56,0.96,5.01,67.76,1.01,0.88,108.61,19.31,0.65,38.6,Non-Veg,processed,0.013,0.068,0.919,0.0141,3.0,1
paneer kofta curry,670.91,2.39,3.27,72.06,0.4,1.98,121.72,59.49,0.34,17.06,Non-Veg,processed,0.0308,0.0421,0.9272,0.0331,3.0,1
spinach kofta curry (palak kofta curry),571.78,1.09,3.56,61.49,0.92,0.82,104.51,29.31,0.83,64.05,Non-Veg,processed,0.0165,0.0538,0.9297,0.0177,3.0,1
keema kofta curry,154.45,9.77,5.64,10.39,1.51,2.14,311.51,49.89,1.25,2.43,Non-Veg,processed,0.3787,0.2186,0.4027,0.9314,1.0,1
pea keema curry (matar keema ki sabzi),133.0,8.43,6.24,8.14,2.96,1.82,148.38,35.6,1.35,55.62,Veg,processed,0.3696,0.2736,0.3569,1.0231,1.0,3
spinach mutton (palak mutton),80.32,5.74,3.45,4.71,2.23,1.42,121.1,96.88,2.38,88.11,Veg,processed,0.4129,0.2482,0.3388,1.1933,0.0,3
roghan josh,139.59,9.56,4.93,9.02,2.08,2.66,204.31,112.33,1.77,12.41,Veg,processed,0.4066,0.2097,0.3837,1.0482,1.0,3
kadhai paneer,107.99,4.33,7.34,6.81,2.07,5.54,144.33,91.53,0.65,85.83,Veg,processed,0.2343,0.3972,0.3685,0.6266,1.0,3
paneer makhana korma,775.82,3.24,4.63,82.76,0.21,1.84,77.01,72.89,0.55,0.64,Non-Veg,processed,0.0357,0.0511,0.9132,0.0391,3.0,1
chilli paneer,777.51,2.1,3.31,84.01,0.5,1.5,89.04,42.9,0.36,4.87,Non-Veg,processed,0.0235,0.037,0.9395,0.025,3.0,1
methi malai paneer,194.98,7.34,8.15,14.76,1.47,6.0,221.16,183.96,0.77,13.6,Non-Veg,processed,0.2426,0.2694,0.4879,0.4939,1.0,1
paneer in butter sauce,145.61,6.99,9.7,8.81,1.5,7.49,151.45,170.59,0.85,18.02,Veg,processed,0.2741,0.3804,0.3455,0.7845,1.0,3
al yakhani,147.54,2.86,4.65,13.14,1.27,3.56,206.24,103.88,0.46,5.41,Veg,processed,0.1385,0.2252,0.6363,0.216,1.0,3
jackfruit sabzi (kathal ki sabzi),625.4,0.69,3.4,67.6,1.02,2.59,58.95,9.85,0.27,14.11,Non-Veg,processed,0.0096,0.0474,0.9429,0.0102,3.0,1
sarson ka saag,87.84,3.0,5.33,5.86,3.69,0.75,165.45,134.41,2.43,59.58,Veg,processed,0.2114,0.3756,0.413,0.5034,0.0,3
methi chaman,475.62,1.54,2.78,50.91,0.53,1.79,54.94,60.57,0.63,63.26,Non-Veg,processed,0.0279,0.0503,0.9218,0.0302,3.0,1
spinach paneer (palak paneer),77.68,4.03,4.43,4.76,1.91,2.55,166.87,113.25,1.85,60.21,Veg,processed,0.3048,0.3351,0.3601,0.8292,0.0,3
fried fish (indian style) (tali hui machli),658.54,4.35,5.4,68.88,0.61,0.4,156.94,11.11,0.56,7.22,Non-Veg,processed,0.0553,0.0687,0.876,0.0631,3.0,1
fish curry (machli curry),111.13,8.76,3.77,6.69,1.89,2.02,184.71,52.06,1.09,22.48,Veg,processed,0.4558,0.1961,0.3481,1.2901,1.0,3
fried chicken with tomato sauce (fried chicken tamatar ki chutney kay saath),125.03,11.48,2.51,7.61,1.13,1.16,107.56,16.09,0.64,10.78,Veg,processed,0.5315,0.1162,0.3523,1.489,1.0,3
chilli chicken,198.83,9.57,2.86,16.56,0.99,0.93,223.75,12.97,0.66,55.19,Non-Veg,processed,0.3301,0.0987,0.5712,0.5744,1.0,1
chicken kebab,729.41,3.71,1.11,78.89,0.21,0.24,69.76,3.46,0.28,0.41,Non-Veg,processed,0.0443,0.0133,0.9424,0.047,3.0,1
butter chicken,137.0,10.92,3.74,8.7,1.32,2.37,26.21,25.28,0.92,32.65,Veg,processed,0.4675,0.1601,0.3724,1.2409,1.0,3
tandoori chicken,145.2,16.26,2.34,7.93,0.5,1.58,158.0,44.33,0.9,39.53,Veg,processed,0.6129,0.0882,0.2989,2.0249,1.0,3
chicken curry,129.22,11.79,3.38,7.57,1.41,1.79,108.0,27.29,0.87,16.79,Veg,processed,0.5185,0.1486,0.3329,1.5372,1.0,3
shepherd's pie (with minced meat),142.78,7.45,8.06,8.88,1.05,1.7,197.25,21.3,0.84,19.35,Veg,processed,0.3055,0.3305,0.3641,0.8296,1.0,3
scotch egg,676.89,4.05,1.91,72.62,0.36,0.3,90.67,15.03,0.6,2.59,Non-Veg,processed,0.0515,0.0243,0.9242,0.0557,3.0,1
shammi kebab,685.69,4.52,3.54,72.61,1.05,0.31,54.27,13.11,0.75,1.64,Non-Veg,processed,0.056,0.0439,0.9001,0.0622,3.0,1
mutton chops,663.64,4.03,1.48,71.31,0.17,0.42,51.03,36.18,0.64,3.75,Non-Veg,processed,0.0525,0.0193,0.9283,0.0564,3.0,1
mutton do piaza,183.3,9.39,4.14,14.41,1.93,2.9,118.62,118.61,1.63,7.42,Non-Veg,processed,0.3361,0.1482,0.5157,0.6471,1.0,1
chicken yakhni,99.0,10.66,0.78,6.1,0.62,0.12,97.38,28.24,0.93,0.09,Veg,processed,0.6078,0.0445,0.3478,1.7194,0.0,3
mutton yakhni,104.13,8.27,0.84,7.7,0.67,0.13,101.02,88.61,1.66,0.09,Veg,processed,0.492,0.05,0.4581,1.0603,1.0,3
kashmiri mutton koftas (gushtaba),97.42,6.33,3.04,6.77,0.62,2.13,130.11,52.53,0.85,3.22,Veg,processed,0.3922,0.1884,0.4195,0.9214,0.0,3
waldroff salad,141.75,1.47,11.02,10.05,1.87,8.23,13.42,29.29,1.07,21.43,Veg,processed,0.0652,0.4889,0.4459,0.1448,1.0,3
potato salad (aloo ka salaad),89.91,1.4,11.19,4.4,1.32,3.94,125.01,25.61,0.99,58.78,Veg,processed,0.0824,0.6586,0.259,0.3111,0.0,3
mixed vegetable salad with curd sauce,60.28,4.23,7.03,1.5,3.79,2.16,116.66,65.51,1.35,37.73,Veg,processed,0.3315,0.5509,0.1176,2.6438,0.0,3
tossed salad,62.96,1.02,4.95,4.22,2.15,1.56,77.5,32.37,0.86,85.7,Veg,processed,0.1001,0.4858,0.4141,0.2361,0.0,3
sprouted moong salad,37.81,2.29,5.48,0.74,0.95,2.13,116.38,54.56,1.45,27.84,Snacks,processed,0.2691,0.6439,0.087,2.7262,0.0,2
mixed pulse and vegetable salad,83.12,4.74,13.96,0.84,2.96,1.36,127.78,51.63,2.13,23.82,Veg,processed,0.2426,0.7144,0.043,5.0426,0.0,3
hawain salad,175.23,4.27,14.35,11.37,3.93,5.24,64.92,61.03,1.12,51.75,Non-Veg,processed,0.1424,0.4785,0.3791,0.3723,1.0,1
deviled egg,98.56,4.97,2.23,7.72,1.15,0.82,117.29,36.84,1.51,18.42,Veg,processed,0.3331,0.1495,0.5174,0.6355,0.0,3
pasta salad,190.36,4.15,12.7,13.92,0.96,2.6,152.31,66.74,0.81,38.78,Non-Veg,processed,0.1349,0.4127,0.4524,0.296,1.0,1
russian salad,114.83,4.26,6.5,7.84,2.57,1.66,101.09,34.92,1.23,49.56,Veg,processed,0.229,0.3495,0.4215,0.5365,1.0,3
"paneer, apple and pineapple salad",95.08,3.88,8.35,5.07,1.65,6.36,176.63,103.05,0.84,25.3,Veg,processed,0.2243,0.4827,0.2931,0.7505,0.0,3
tandoori fish,95.98,11.19,2.37,4.64,0.58,1.6,123.94,37.27,0.46,19.66,Veg,processed,0.6148,0.1302,0.2549,2.3608,0.0,3
fish tikka,117.33,16.0,3.91,4.15,1.18,1.18,503.44,31.98,1.41,0.9,Veg,processed,0.665,0.1625,0.1725,3.7647,1.0,3
baked fish with cheese sauce,113.96,8.64,4.06,7.02,0.08,3.22,209.48,115.64,0.26,9.97,Veg,processed,0.4381,0.2059,0.356,1.2135,1.0,3
tomato fish,489.79,2.39,3.18,51.91,0.72,1.35,91.47,6.46,0.24,75.09,Non-Veg,processed,0.0416,0.0553,0.9031,0.046,3.0,1
fried fish and chips (english style) (tali hui machli aur chips),651.75,3.36,2.77,69.69,0.29,0.17,72.73,6.56,0.26,22.16,Non-Veg,processed,0.0443,0.0365,0.9192,0.0481,3.0,1
rice kheer (chawal ki kheer),75.03,2.3,10.05,2.97,0.17,8.02,16.24,75.57,0.17,5.06,Veg,processed,0.1501,0.656,0.1939,0.7492,0.0,3
saunth/sonth chutney with tamarind/imli,141.53,1.01,33.55,0.15,0.93,31.31,244.38,54.74,2.71,0.09,Veg,processed,0.0291,0.9666,0.0043,4.04,1.0,3
gunjia,667.34,2.98,5.68,70.28,1.13,2.05,77.9,48.16,0.5,0.51,Non-Veg,processed,0.0378,0.072,0.8903,0.0423,3.0,1
dahi vadas/dahi bhalla,667.73,2.96,5.49,70.4,0.97,1.78,79.0,49.03,0.49,0.57,Non-Veg,processed,0.0375,0.0696,0.8928,0.042,3.0,1
sweet raita (meetha raita),99.24,3.24,17.93,1.78,1.02,15.36,42.98,108.91,0.21,5.2,Veg,processed,0.1412,0.7813,0.0776,1.7234,0.0,3
boondi raita,687.72,2.19,3.96,73.83,0.46,1.88,99.18,49.0,0.24,0.77,Non-Veg,processed,0.0274,0.0495,0.9231,0.0296,3.0,1
potato raita (aloo ka raita),75.38,4.22,10.24,2.04,0.75,5.08,183.37,132.31,0.34,15.33,Veg,processed,0.2558,0.6206,0.1236,1.972,0.0,3
mint raita (pudinay ka raita),77.59,5.64,7.65,2.96,0.34,7.48,274.38,198.22,0.37,2.94,Veg,processed,0.3471,0.4708,0.1822,1.8431,0.0,3
carrot and spinach raita (gajar aur palak ka raita),56.83,4.0,5.83,1.99,1.39,4.93,180.79,142.57,1.04,19.29,Veg,processed,0.3384,0.4932,0.1684,1.9139,0.0,3
cucumber raita (kheere ka raita),59.13,4.04,6.35,2.08,0.86,5.22,189.96,138.58,0.29,5.65,Veg,processed,0.324,0.5092,0.1668,1.8532,0.0,3
bottle gourd raita (ghiya/lauki ka raita),56.31,3.98,5.76,2.07,0.85,5.25,188.37,138.26,0.23,4.76,Veg,processed,0.337,0.4877,0.1753,1.8341,0.0,3
sprouted moong raita,60.89,4.62,6.13,2.19,0.16,5.59,189.2,139.44,0.86,3.59,Veg,processed,0.357,0.4737,0.1692,2.0175,0.0,3
peanut raita (mungfali ka raita),150.39,8.59,9.3,8.98,1.89,7.11,235.83,174.6,0.74,2.59,Non-Veg,processed,0.3197,0.3461,0.3342,0.946,1.0,1
tomato onion raita (tamatar aur pyaaz ka raita),59.0,3.74,7.08,1.84,0.97,5.98,165.21,120.62,0.26,15.04,Veg,processed,0.2954,0.5592,0.1453,1.9278,0.0,3
fruit salad (phalon ka salaad),78.14,0.91,15.96,1.22,1.58,9.78,7.11,25.93,0.81,52.45,Veg,processed,0.0503,0.8823,0.0674,0.6894,0.0,3
coleslaw,76.71,1.24,5.59,5.32,2.34,3.62,29.87,37.0,0.63,22.99,Veg,processed,0.1021,0.4601,0.4379,0.2288,0.0,3
moong dal halwa,349.8,8.35,40.23,17.68,2.65,25.59,11.19,110.4,1.51,0.03,Dessert,processed,0.126,0.6072,0.2668,0.4696,2.0,0
pumpkin halwa (kaddu ka halwa),190.27,1.33,27.6,8.81,2.97,26.64,8.09,24.34,0.63,8.08,Non-Veg,processed,0.0352,0.7313,0.2334,0.1493,1.0,1
potato halwa (aloo ka halwa),151.66,1.53,29.18,3.48,1.64,17.42,4.23,14.15,0.63,28.98,Non-Veg,processed,0.0447,0.8535,0.1018,0.4274,1.0,1
egg halwa (ande ka halwa),299.74,7.85,39.59,13.41,0.49,37.85,83.04,35.77,1.45,0.0,Dessert,processed,0.129,0.6506,0.2204,0.5811,2.0,0
carrot halwa (gajar ka halwa),172.64,3.11,18.53,9.73,2.65,16.85,39.96,106.94,0.76,6.53,Non-Veg,processed,0.0991,0.5907,0.3102,0.3164,1.0,1
shahi suji halwa,382.34,3.48,44.44,21.73,2.96,27.21,2.18,18.64,0.98,0.02,Dessert,processed,0.05,0.638,0.312,0.1594,3.0,0
semolina halwa (suji ka halwa),225.65,2.16,24.67,13.38,1.86,13.98,1.28,11.77,0.65,0.05,Non-Veg,processed,0.0537,0.6135,0.3328,0.1602,2.0,1
phirni,116.12,3.49,16.11,4.34,0.36,10.79,22.47,104.57,0.23,5.04,Veg,processed,0.1458,0.6729,0.1813,0.786,1.0,3
moong dal kheer,77.16,2.95,9.89,2.97,0.4,7.92,16.34,75.66,0.28,5.06,Veg,processed,0.1866,0.6256,0.1879,0.9609,0.0,3
cauliflower kheer (phoolgobhi ki kheer),81.95,3.04,8.78,3.95,0.55,8.49,25.19,101.75,0.3,23.92,Veg,processed,0.1928,0.5568,0.2505,0.7506,0.0,3
carrot kheer (gajar ki kheer),85.35,2.81,10.09,3.85,0.73,9.63,28.54,100.12,0.28,6.54,Veg,processed,0.1678,0.6024,0.2299,0.7114,0.0,3
cabbage kheer (pattagobhi ki kheer),83.51,2.87,9.73,3.8,0.51,9.28,22.67,102.74,0.24,17.36,Veg,processed,0.175,0.5933,0.2317,0.7359,0.0,3
paneer kheer,105.31,4.53,10.03,5.37,0.07,9.87,23.81,144.66,0.26,5.06,Veg,processed,0.2273,0.5033,0.2694,0.8282,1.0,3
semolina kheer (suji/rava kheer),113.21,3.43,15.88,4.2,0.51,12.88,22.66,105.99,0.34,4.06,Veg,processed,0.1459,0.6755,0.1786,0.7977,1.0,3
vermicelli kheer (semiya/seviyan ki kheer),120.07,3.35,15.87,5.0,0.5,12.79,22.52,104.8,0.3,4.06,Veg,processed,0.1383,0.6552,0.2064,0.6569,1.0,3
makhana kheer,107.85,3.31,12.88,5.0,0.11,11.54,23.4,111.64,0.28,5.06,Veg,processed,0.1562,0.6078,0.236,0.649,1.0,3
orange and pineapple cream,101.18,1.44,11.96,5.43,1.03,11.37,10.17,35.0,0.41,19.89,Veg,processed,0.0765,0.6352,0.2884,0.2604,1.0,3
mango mousse,124.98,3.21,9.14,8.47,0.88,8.89,19.62,51.38,0.35,42.76,Veg,processed,0.1542,0.439,0.4068,0.3746,1.0,3
rich chocolate mousse,188.26,7.96,10.84,12.19,0.0,10.3,51.71,54.59,0.97,0.7,Non-Veg,processed,0.2569,0.3498,0.3934,0.6477,1.0,1
apple mousse,106.92,4.21,12.77,4.27,1.6,10.56,28.79,33.76,0.48,14.48,Veg,processed,0.1981,0.6009,0.2009,0.9634,1.0,3
pineapple souffle,196.14,8.06,15.52,11.72,0.0,13.45,59.17,67.23,0.61,1.0,Non-Veg,processed,0.2283,0.4397,0.332,0.6819,1.0,1
chocolate souffle,189.32,7.88,14.74,11.36,0.0,12.69,56.07,71.55,0.71,1.3,Non-Veg,processed,0.2319,0.4338,0.3343,0.6876,1.0,1
vanilla souffle,187.85,7.71,14.78,11.19,0.0,12.86,56.73,70.6,0.58,1.3,Non-Veg,processed,0.2289,0.4388,0.3322,0.6829,1.0,1
orange souffle,168.28,6.8,14.2,9.73,0.22,12.31,49.22,59.04,0.65,19.16,Non-Veg,processed,0.2213,0.4621,0.3166,0.6918,1.0,1
lemon souffle,168.51,6.95,13.43,10.02,0.0,11.67,50.73,59.81,0.56,12.9,Non-Veg,processed,0.2286,0.4418,0.3296,0.6868,1.0,1
caramel ice cream,173.52,4.31,14.81,11.15,0.08,14.52,33.47,87.32,0.35,3.27,Non-Veg,processed,0.1424,0.4893,0.3684,0.3831,1.0,1
fruit ice cream (phalon ka ice cream),171.46,4.37,16.05,10.38,0.33,14.03,38.78,93.35,0.36,4.02,Non-Veg,processed,0.1419,0.5211,0.337,0.417,1.0,1
mango ice cream,125.69,3.4,11.14,7.62,0.52,11.01,29.13,67.17,0.39,44.98,Veg,processed,0.1534,0.5027,0.3439,0.4404,1.0,3
chocolate ice cream,177.7,4.47,15.41,11.25,0.0,15.33,36.79,84.24,0.47,4.06,Non-Veg,processed,0.1436,0.495,0.3614,0.3938,1.0,1
soft custard (stirred),109.18,5.01,11.19,5.07,0.0,11.15,122.17,95.82,0.49,3.62,Veg,processed,0.2355,0.5261,0.2384,0.9691,1.0,3
baked custard,106.53,5.41,9.45,5.3,0.0,9.42,47.13,95.32,0.54,3.02,Veg,processed,0.2684,0.4687,0.2629,1.0019,1.0,3
caramel custard (steamed),121.58,4.97,15.02,4.87,0.0,14.98,43.57,88.12,0.51,3.02,Veg,processed,0.1999,0.6042,0.1959,1.0,1.0,3
hot chocolate souffle,226.09,6.7,26.21,11.1,0.12,22.88,54.11,60.19,1.08,0.9,Non-Veg,processed,0.1522,0.5955,0.2522,0.5982,2.0,1
hot orange souffle,179.97,6.87,18.77,8.95,0.29,14.93,58.8,53.81,1.03,7.01,Non-Veg,processed,0.1986,0.5426,0.2587,0.7591,1.0,1
apple snowballs,101.51,0.86,24.58,0.31,1.25,19.4,12.8,9.43,0.18,4.46,Veg,processed,0.0334,0.9546,0.012,2.0976,1.0,3
stewed apple with custard,92.87,1.27,18.36,1.82,1.01,15.46,16.66,49.24,0.18,5.6,Veg,processed,0.0592,0.8559,0.0848,0.6615,0.0,3
date and nut pie,322.42,3.93,46.86,13.31,4.13,31.18,3.87,34.69,1.54,6.39,Dessert,processed,0.0613,0.731,0.2076,0.2931,2.0,0
pineapple upside down pudding,257.73,3.15,35.73,11.91,0.8,22.16,74.52,26.05,0.68,9.66,Dessert,processed,0.062,0.7035,0.2345,0.2623,2.0,0
queen of pudding,132.92,5.51,16.35,5.38,0.27,11.77,85.59,78.26,0.53,8.11,Veg,processed,0.2023,0.6002,0.1975,1.0055,1.0,3
bread and butter pudding,167.94,5.59,19.63,7.88,0.98,11.84,96.3,105.54,0.9,1.58,Non-Veg,processed,0.1689,0.5931,0.2381,0.7005,1.0,1
chocolate pudding,211.96,3.55,29.59,9.48,0.53,20.68,171.36,64.56,0.6,0.75,Non-Veg,processed,0.0833,0.6943,0.2224,0.3706,2.0,1
cheese pudding,285.01,11.29,19.27,18.37,0.05,18.63,37.83,226.11,0.87,0.3,Dessert,processed,0.2307,0.3938,0.3754,0.6113,2.0,0
meringue and rice pudding,112.93,4.84,14.6,4.05,0.17,10.87,44.16,85.43,0.37,3.02,Veg,processed,0.206,0.6215,0.1724,1.1663,1.0,3
steamed orange pudding,278.03,2.34,41.53,12.04,0.58,26.53,79.1,21.15,0.55,21.74,Dessert,processed,0.0419,0.7428,0.2153,0.1928,2.0,0
kulfi,98.43,3.21,11.3,4.7,0.12,10.39,23.97,111.86,0.2,5.04,Veg,processed,0.1671,0.5882,0.2447,0.6688,0.0,3
snow flakes pudding,95.21,4.67,8.07,4.97,0.03,8.01,39.6,101.33,0.42,5.47,Veg,processed,0.2637,0.4557,0.2806,0.9211,0.0,3
triffle pudding,116.97,2.93,18.24,3.93,0.12,13.89,26.95,48.72,0.47,19.31,Veg,processed,0.1167,0.7267,0.1566,0.727,1.0,3
charlotte rousse,188.29,3.95,34.08,4.78,1.01,20.48,56.45,34.95,0.53,25.28,Non-Veg,processed,0.0923,0.7961,0.1117,0.8094,1.0,1
mal pua,566.68,1.71,17.56,54.64,0.62,11.77,6.35,30.05,0.33,0.67,Non-Veg,processed,0.0231,0.2376,0.7393,0.0312,3.0,1
gulab jamun with khoya,586.06,2.03,26.09,53.23,0.07,24.12,15.09,67.32,0.39,0.02,Non-Veg,processed,0.025,0.3207,0.6543,0.0381,3.0,1
ghujia/lavang latika,768.98,1.86,13.0,78.93,0.52,6.08,3.28,31.01,0.44,0.01,Non-Veg,processed,0.0198,0.1386,0.8416,0.0235,3.0,1
milk cake,127.41,3.01,9.13,8.93,0.06,8.9,24.97,104.94,0.2,8.0,Veg,processed,0.1429,0.4333,0.4238,0.3333,1.0,3
chenna murki,252.69,10.46,36.01,8.2,0.0,35.55,11.4,266.85,0.55,0.0,Dessert,processed,0.1913,0.6587,0.15,1.2602,2.0,0
sesame ladoo (til ke ladoo),396.96,10.7,43.5,19.64,7.72,38.63,18.55,631.82,8.94,0.0,Dessert,processed,0.1449,0.5891,0.266,0.542,3.0,0
gram flour ladoo (besan ladoo),476.91,8.93,62.61,22.76,4.43,37.76,5.48,25.35,1.51,0.0,Non-Veg,processed,0.0947,0.6639,0.2414,0.3906,3.0,1
semolina ladoo with coconut (suji/rava aur nariyal ke ladoo ),464.43,5.68,50.9,27.03,6.69,27.32,9.06,26.72,1.83,0.05,Non-Veg,processed,0.0679,0.6088,0.3233,0.2094,3.0,1
semolina ladoo with khoya (suji/rava aur khoye ke ladoo ),428.71,6.71,52.86,21.86,4.68,33.28,14.4,106.42,1.73,0.03,Non-Veg,processed,0.0824,0.6491,0.2685,0.3056,3.0,1
gram flour burfi (besan burfi),421.79,11.19,46.59,22.41,3.41,28.44,13.02,160.71,1.47,0.0,Non-Veg,processed,0.1395,0.581,0.2795,0.4971,3.0,1
cashewnut burfi (kaju burfi/kaju katli),421.74,5.48,37.92,28.46,1.12,31.43,4.23,12.95,1.79,0.0,Non-Veg,processed,0.0763,0.5277,0.396,0.1919,3.0,1
chocolate burfi,339.33,13.0,33.15,17.86,0.0,32.38,39.32,466.48,2.12,0.0,Dessert,processed,0.2031,0.5179,0.279,0.7238,2.0,0
bottle gourd burfi (ghiya/lauki burfi),275.96,5.86,24.51,17.68,0.73,23.92,18.15,215.85,0.93,1.08,Dessert,processed,0.122,0.5101,0.368,0.3296,2.0,0
coconut burfi (nariyal ki burfi),467.64,8.81,32.15,34.63,3.5,31.5,27.63,272.81,1.82,0.0,Non-Veg,processed,0.1165,0.4253,0.4581,0.2537,3.0,1
plain burfi (burfi),408.32,9.82,30.88,27.96,0.17,30.43,31.65,355.78,1.5,0.05,Non-Veg,processed,0.143,0.4498,0.4072,0.35,3.0,1
hot vanilla souffle,192.93,6.87,21.77,9.07,0.13,18.17,59.59,63.2,0.93,0.9,Non-Veg,processed,0.1822,0.5773,0.2405,0.7492,1.0,1
khasta kachori,712.73,2.51,12.81,72.27,0.97,0.34,90.56,7.84,0.59,0.86,Non-Veg,processed,0.0287,0.1462,0.8251,0.0347,3.0,1
mathri,805.12,1.75,12.32,83.1,0.6,0.29,64.7,5.23,0.43,0.0,Non-Veg,processed,0.018,0.1268,0.8552,0.021,3.0,1
paneer and pea samosa (paneer matar ka samosa),623.81,4.02,8.55,63.65,1.02,1.69,78.18,64.56,0.53,6.67,Non-Veg,processed,0.0527,0.1122,0.8351,0.0631,3.0,1
minced meat samosa (keema ka samosa),620.99,4.43,6.14,64.26,0.39,0.5,88.64,6.7,0.55,0.82,Non-Veg,processed,0.0592,0.0821,0.8587,0.0688,3.0,1
potato samosa (aloo ka samosa),577.39,1.71,9.21,59.19,1.19,0.29,77.1,7.63,0.5,11.27,Non-Veg,processed,0.0244,0.1314,0.8442,0.0288,3.0,1
potato bonda (aloo bonda),632.84,1.09,4.53,67.8,0.83,0.27,132.53,6.79,0.37,8.96,Non-Veg,processed,0.0148,0.0617,0.9235,0.0161,3.0,1
paneer pakora/pakoda,718.12,3.27,5.52,76.05,0.89,1.08,131.7,43.38,0.43,0.07,Non-Veg,processed,0.0385,0.0651,0.8964,0.0429,3.0,1
bread pakora/pakoda,710.99,2.57,8.87,74.2,1.11,0.46,101.49,19.83,0.46,0.01,Non-Veg,processed,0.03,0.1036,0.8664,0.0346,3.0,1
egg pakora/pakoda (ande ke pakode),710.51,2.83,4.48,75.86,0.86,0.19,75.37,9.55,0.47,0.01,Non-Veg,processed,0.034,0.0539,0.9121,0.0373,3.0,1
methi pakora/pakoda (methi ke pakode),713.25,2.06,4.68,76.39,1.18,0.25,69.83,23.07,0.69,23.31,Non-Veg,processed,0.0248,0.0563,0.9189,0.0269,3.0,1
spinach pakora/pakoda (palak pakoda),712.62,1.96,4.68,76.38,1.02,0.2,69.54,10.99,0.52,12.12,Non-Veg,processed,0.0236,0.0564,0.92,0.0256,3.0,1
mixed vegetable pakora/pakoda,673.81,1.94,5.12,71.86,1.13,0.38,65.35,9.55,0.46,21.46,Non-Veg,processed,0.0246,0.0649,0.9105,0.027,3.0,1
cauliflower pakora/pakoda (phoolgobhi ke pakode),671.63,1.98,4.52,71.86,1.26,0.23,66.54,8.44,0.42,37.72,Non-Veg,processed,0.0253,0.0577,0.917,0.0275,3.0,1
onion pakora/pakoda (pyaaz ke pakode),674.61,1.9,5.41,71.84,1.11,0.88,63.55,7.95,0.36,5.36,Non-Veg,processed,0.024,0.0684,0.9076,0.0264,3.0,1
potato pakora/pakoda (aloo pakoda),677.19,1.9,6.04,71.84,1.03,0.22,63.38,6.59,0.38,18.53,Non-Veg,processed,0.0238,0.0757,0.9005,0.0264,3.0,1
shahi tukre,189.81,2.76,41.46,2.54,0.51,34.7,71.04,76.47,0.37,0.86,Non-Veg,processed,0.059,0.8867,0.0543,1.0455,1.0,1
peanut brittle (moongfali ki chikki),320.46,6.94,47.46,11.13,2.63,43.92,15.99,68.03,3.22,0.0,Dessert,processed,0.1059,0.7242,0.1698,0.618,2.0,0
paneer shaslik/tikka,93.85,5.11,7.98,4.49,1.23,4.61,103.39,123.86,0.68,107.71,Veg,processed,0.2907,0.4539,0.2554,1.1133,0.0,3
vegeterian scotch egg,681.67,2.16,4.64,72.77,0.58,0.23,93.33,15.2,0.46,12.53,Non-Veg,processed,0.0271,0.0583,0.9145,0.0296,3.0,1
peanut sago vada (sabudana mungfali vada),749.89,1.01,7.14,79.82,0.62,0.19,71.29,5.03,0.38,9.74,Non-Veg,processed,0.0115,0.0812,0.9074,0.0126,3.0,1
masala vada,826.02,1.69,4.06,89.15,1.07,0.24,74.53,7.45,0.52,2.05,Non-Veg,processed,0.0178,0.0428,0.9394,0.0189,3.0,1
vegetable seekh kebab,690.73,1.57,5.32,73.72,0.59,0.74,83.67,32.66,0.36,6.86,Non-Veg,processed,0.0195,0.066,0.9145,0.0213,3.0,1
cheese pizza,249.5,5.79,30.62,12.43,1.95,3.42,397.73,96.51,1.09,6.72,Non-Veg,processed,0.1186,0.6269,0.2545,0.4621,2.0,1
vegetable burger,519.93,3.26,13.69,50.63,1.7,1.88,168.97,26.08,0.7,24.68,Non-Veg,processed,0.0482,0.2026,0.7492,0.0643,3.0,1
cheese toast,785.37,1.98,5.49,84.11,0.31,0.53,121.05,43.87,0.31,0.0,Non-Veg,processed,0.0216,0.0599,0.9184,0.0235,3.0,1
spinach chickpeas cutlet (palak channa dal cutlet),688.03,1.44,4.93,73.6,0.93,0.16,79.13,11.3,0.57,16.18,Non-Veg,processed,0.018,0.0616,0.9203,0.0195,3.0,1
paneer potato cutlet (paneer aloo cutlet),672.94,2.47,5.23,71.4,0.41,1.02,85.71,45.36,0.38,11.61,Non-Veg,processed,0.0312,0.0661,0.9027,0.0345,3.0,1
fish cutlet (machli ka cutlet),654.64,2.77,3.13,70.11,0.54,0.29,75.33,10.44,0.36,10.46,Non-Veg,processed,0.0364,0.0412,0.9224,0.0395,3.0,1
peanut cutlet (mungfali ke cutlet),698.77,2.63,5.68,74.0,1.21,0.51,84.24,14.38,0.56,12.63,Non-Veg,processed,0.032,0.069,0.899,0.0355,3.0,1
flattened rice cutlet (chirwa cutlet/chivda cutlet/poha cutlet),701.71,1.76,7.39,73.89,0.86,0.27,76.65,9.17,0.59,12.63,Non-Veg,processed,0.0212,0.089,0.8898,0.0238,3.0,1
vegetable cutlet,665.45,1.25,4.68,71.33,0.93,0.35,85.38,13.55,0.4,16.89,Non-Veg,processed,0.0162,0.0606,0.9232,0.0175,3.0,1
cream puffs,221.33,4.7,16.0,15.48,0.38,5.94,98.76,37.93,0.58,0.2,Non-Veg,processed,0.1299,0.4422,0.4279,0.3017,2.0,1
chocolate meringue pie,214.76,4.98,28.8,9.17,0.37,15.03,80.77,55.98,0.92,1.26,Non-Veg,processed,0.1159,0.6705,0.2135,0.5372,2.0,1
lemon meringue pie,224.43,3.88,35.11,8.16,0.44,21.17,85.12,16.79,0.67,5.1,Non-Veg,processed,0.0823,0.7446,0.1731,0.4697,2.0,1
apple cinnamon pie,258.73,3.35,33.68,12.21,1.77,11.95,60.14,16.14,0.65,2.24,Dessert,processed,0.068,0.684,0.248,0.2721,2.0,0
minced meat pie,221.55,7.38,18.11,13.04,2.33,1.42,127.85,18.14,1.07,37.52,Non-Veg,processed,0.1915,0.47,0.3384,0.5616,2.0,1
cottage cheese pie,238.98,7.45,20.66,13.83,2.21,3.62,103.29,108.05,0.92,36.25,Non-Veg,processed,0.1776,0.4926,0.3298,0.5348,2.0,1
cheese and mushroom tart,246.1,5.51,21.43,15.28,1.18,3.16,212.42,100.97,0.59,6.53,Non-Veg,processed,0.1305,0.5076,0.3619,0.3583,2.0,1
pineapple tart,195.4,2.29,28.62,8.21,0.87,11.09,37.88,12.02,0.5,6.85,Non-Veg,processed,0.0585,0.7316,0.2099,0.2756,1.0,1
orange cream tart,197.16,2.58,27.43,8.72,0.64,10.08,36.85,13.84,0.58,19.6,Non-Veg,processed,0.0666,0.7082,0.2251,0.2925,1.0,1
jam tart,360.72,4.42,46.18,17.35,1.14,14.74,70.34,12.23,0.74,0.0,Dessert,processed,0.065,0.6796,0.2553,0.2533,3.0,0
lemon tart,303.35,6.12,30.68,17.45,0.81,10.68,76.09,24.03,0.98,2.66,Dessert,processed,0.1128,0.5655,0.3217,0.3487,2.0,0
custard tart,225.6,3.72,28.66,10.73,0.91,9.31,59.74,57.47,0.49,1.18,Non-Veg,processed,0.0863,0.6648,0.2489,0.3435,2.0,1
mint and coriander chutney (pudinay aur dhaniye ki chutney),102.6,2.81,21.18,0.51,4.33,15.88,391.66,107.45,4.76,3.62,Veg,processed,0.1147,0.8645,0.0208,4.6066,1.0,3
coconut chutney (nariyal ki chutney),265.92,3.59,8.29,25.0,6.73,3.79,428.28,15.7,1.25,4.13,Dessert,processed,0.0973,0.2248,0.6779,0.143,2.0,0
peanut chutney (mungfali ki chutney),258.37,11.8,9.87,19.06,5.73,2.76,475.34,34.79,1.99,4.2,Dessert,processed,0.2897,0.2423,0.468,0.6159,2.0,0
dry mango chutney (sookhe aam ki chutney),298.13,2.43,69.17,0.7,3.74,61.86,437.91,72.05,3.98,0.25,Dessert,processed,0.0336,0.9567,0.0097,3.0375,2.0,0
chocolate chiffon cake,311.71,5.76,37.87,15.8,0.7,24.25,188.59,42.15,1.07,0.21,Dessert,processed,0.0969,0.6372,0.2659,0.3623,2.0,0
banana cake (kele ka cake),389.51,5.77,40.0,23.31,1.14,23.04,117.81,23.55,1.14,0.98,Dessert,processed,0.0835,0.579,0.3374,0.2465,3.0,0
fruit loaf,324.19,5.36,46.49,13.31,0.87,24.54,160.6,45.71,0.96,2.47,Dessert,processed,0.0823,0.7135,0.2043,0.3997,2.0,0
orange cake,357.61,6.1,48.28,16.21,0.83,28.38,105.41,29.72,1.06,1.88,Dessert,processed,0.0864,0.6839,0.2296,0.374,3.0,0
chocolate cake,335.61,6.01,45.14,15.18,0.64,27.58,241.93,41.13,1.08,0.15,Dessert,processed,0.0906,0.6805,0.2289,0.3933,2.0,0
marble cake,354.11,6.3,46.88,16.27,0.71,27.56,138.48,39.6,1.12,0.08,Dessert,processed,0.0907,0.675,0.2343,0.3849,3.0,0
apple cake (seb ka cake),290.08,4.94,39.48,12.87,1.22,23.52,136.95,38.99,0.9,1.16,Dessert,processed,0.0862,0.6891,0.2246,0.3809,2.0,0
plain cream cake,353.94,6.18,47.18,16.17,0.71,27.74,174.0,41.95,1.02,0.08,Dessert,processed,0.0889,0.6786,0.2326,0.3798,3.0,0
hot spinach souffle,104.25,5.43,4.19,7.24,0.99,1.64,104.69,80.77,1.67,47.83,Veg,processed,0.3221,0.2485,0.4294,0.7398,1.0,3
hot fish souffle,142.92,11.23,3.69,9.24,0.1,1.68,110.94,58.18,0.7,2.41,Veg,processed,0.4648,0.1527,0.3825,1.2024,1.0,3
hot potato souffle,125.64,5.51,8.56,7.64,0.66,1.78,97.2,56.84,0.79,30.19,Veg,processed,0.2538,0.3943,0.3519,0.7119,1.0,3
hot cheese souffle,177.1,9.18,5.41,13.23,0.12,2.91,286.96,169.17,0.83,2.41,Non-Veg,processed,0.33,0.1945,0.4756,0.6887,1.0,1
cheese patties,324.01,7.38,22.23,22.67,1.24,3.93,295.22,126.41,0.82,3.37,Dessert,processed,0.1412,0.4252,0.4336,0.3241,2.0,0
minced meat patties,265.72,6.88,15.25,19.57,0.77,0.88,252.18,19.23,0.93,1.58,Dessert,processed,0.165,0.3657,0.4693,0.3498,2.0,0
cheese balls,681.28,2.21,4.81,72.57,0.18,0.63,120.7,30.01,0.32,0.01,Non-Veg,processed,0.0278,0.0604,0.9118,0.0304,3.0,1
chocolate eclairs,239.42,4.24,26.22,13.5,0.33,17.34,85.88,34.21,0.68,0.4,Non-Veg,processed,0.0965,0.5965,0.3071,0.3118,2.0,1
pin wheel biscuit,404.6,5.4,54.56,18.66,1.16,23.25,131.73,42.7,1.13,0.05,Non-Veg,processed,0.0687,0.694,0.2373,0.2878,3.0,1
peanut biscuit,401.05,8.45,46.72,20.41,2.48,21.26,202.26,50.58,1.34,0.03,Non-Veg,processed,0.1118,0.6182,0.27,0.412,3.0,1
sweet and salty biscuit (meethay aur namkeen biscuit),407.96,6.15,45.09,22.39,1.68,7.22,414.7,37.24,1.05,0.03,Non-Veg,processed,0.0835,0.6124,0.3041,0.2735,3.0,1
coconut biscuit (nariyal ke biscuit),434.98,5.78,42.9,27.16,3.64,20.76,105.76,37.81,1.32,0.03,Non-Veg,processed,0.0762,0.5657,0.3581,0.212,3.0,1
chocolate biscuit,379.76,5.88,51.56,17.09,1.01,24.16,127.02,41.51,1.14,0.03,Dessert,processed,0.0789,0.6918,0.2293,0.3421,3.0,0
sweet plain biscuit,380.76,5.86,50.29,17.67,1.07,21.77,132.59,42.88,0.92,0.03,Dessert,processed,0.0794,0.6813,0.2394,0.3298,3.0,0
chocolate chip cookies,425.29,5.79,57.98,19.38,1.05,30.29,278.29,24.76,1.22,0.0,Non-Veg,processed,0.0696,0.6973,0.2331,0.2972,3.0,1
chocolate walnut cookies (chocolate aur akhrot ke cookies),424.8,6.56,47.1,23.62,1.54,22.58,280.44,36.1,1.37,0.16,Non-Veg,processed,0.0849,0.6095,0.3056,0.2766,3.0,1
pineapple cake,195.57,5.01,23.51,9.34,0.76,16.16,37.47,49.06,0.64,27.35,Non-Veg,processed,0.1323,0.621,0.2467,0.5307,1.0,1
coconut finger,274.86,7.09,42.56,8.86,1.87,28.55,46.86,24.04,1.31,0.0,Dessert,processed,0.1212,0.7274,0.1514,0.7913,2.0,0
black forest pastry,233.55,6.09,34.48,8.46,0.54,21.35,53.43,44.15,0.92,0.91,Non-Veg,processed,0.1242,0.7032,0.1725,0.7114,2.0,1
pineapple pastry,208.21,6.06,29.04,7.87,0.72,18.83,44.3,42.97,0.86,3.64,Non-Veg,processed,0.141,0.6758,0.1832,0.7604,2.0,1
swiss roll,251.87,7.3,48.34,3.77,0.55,32.96,51.9,24.11,1.19,0.0,Dessert,processed,0.1229,0.8137,0.0635,1.8863,2.0,0
eggless cake,318.08,8.12,46.14,11.75,0.68,27.7,310.5,212.97,0.61,1.35,Dessert,processed,0.123,0.699,0.178,0.6852,2.0,0
strawberry and vanilla cake with butter icing,370.54,3.89,44.25,20.39,0.79,32.43,107.27,28.17,0.7,8.4,Dessert,processed,0.0568,0.6457,0.2975,0.1898,3.0,0
christmas cake,372.95,5.49,48.29,16.88,1.49,27.45,64.84,40.98,1.32,8.51,Dessert,processed,0.0777,0.6834,0.2389,0.3233,3.0,0
rice moong dal cheela (chawal aur moong dal ka cheela),798.26,2.74,11.13,82.44,1.18,0.15,142.82,4.99,0.51,0.0,Non-Veg,processed,0.0284,0.1156,0.856,0.0332,3.0,1
gram flour and semolina chilla/cheela/savory pancake (besan suji chilla/cheela),758.89,2.08,7.63,80.04,1.39,0.25,74.88,12.13,0.67,3.8,Non-Veg,processed,0.0232,0.085,0.8918,0.026,3.0,1
spinach peanut namak paras (palak moongfali namak paras),740.16,1.65,6.62,78.51,0.81,0.28,73.15,13.35,0.67,11.39,Non-Veg,processed,0.019,0.0763,0.9047,0.021,3.0,1
peanut burfi (moongfali ki burfi),550.99,9.31,48.14,36.84,4.09,43.08,6.78,25.2,1.45,0.0,Non-Veg,processed,0.0987,0.5106,0.3907,0.252,3.0,1
soyabean namak paras,838.46,2.65,4.65,89.83,1.41,0.22,72.05,12.13,0.64,0.0,Non-Veg,processed,0.0273,0.0479,0.9248,0.0295,3.0,1
soyabean tikki,698.17,3.53,4.39,74.02,2.2,0.35,88.72,29.23,1.04,6.71,Non-Veg,processed,0.0431,0.0536,0.9033,0.0476,3.0,1
soyabean muthias,839.33,2.46,3.7,90.45,1.47,0.17,78.25,12.16,0.6,0.79,Non-Veg,processed,0.0255,0.0383,0.9362,0.0272,3.0,1
ginger biscuit (adarak ke biscuit),417.91,5.98,58.44,18.31,1.49,27.06,79.68,25.97,2.2,0.0,Non-Veg,processed,0.0723,0.7064,0.2213,0.3248,3.0,1
melting moments,437.91,5.71,55.84,21.78,1.88,25.0,119.09,30.39,1.2,0.0,Non-Veg,processed,0.0685,0.6701,0.2614,0.261,3.0,1
coffee biscuit,416.57,6.9,46.55,23.0,1.59,21.69,112.53,48.92,1.27,0.03,Non-Veg,processed,0.0903,0.6089,0.3009,0.2987,3.0,1
short bread cookies,443.09,6.03,64.82,17.98,1.57,23.31,145.0,15.92,1.12,0.0,Non-Veg,processed,0.0679,0.7297,0.2024,0.3335,3.0,1
danish cookies,475.33,5.33,58.0,24.92,1.37,21.73,201.06,15.97,0.98,0.0,Non-Veg,processed,0.0604,0.6572,0.2824,0.213,3.0,1
ginger bread man,365.0,6.61,60.26,11.01,1.6,29.12,477.99,37.92,2.12,0.09,Dessert,processed,0.0849,0.7738,0.1414,0.595,3.0,0
ice box cookies,374.24,5.7,56.09,14.44,1.28,26.69,449.14,18.5,1.04,0.1,Dessert,processed,0.0748,0.7358,0.1894,0.392,3.0,0
masala biscuit,393.64,6.06,45.18,20.75,2.14,6.82,714.52,53.73,1.32,0.15,Dessert,processed,0.0842,0.6276,0.2882,0.2906,3.0,0
saffron biscuit (kesar biscuit),458.61,6.05,59.7,22.01,1.9,22.42,5.65,25.71,1.23,0.01,Non-Veg,processed,0.0689,0.6803,0.2508,0.2736,3.0,1
cold coffee (with cream),82.76,1.93,11.98,3.29,0.0,11.91,15.35,64.43,0.14,2.56,Veg,processed,0.1122,0.6965,0.1913,0.5693,0.0,3
hot chocolate,90.01,3.43,9.02,4.61,0.0,8.86,36.04,113.63,0.33,3.62,Veg,processed,0.2011,0.5287,0.2702,0.7282,0.0,3
steeped hot coffee,15.91,0.39,3.01,0.33,0.0,2.96,2.82,10.4,0.06,0.3,Snacks,processed,0.1046,0.807,0.0885,0.907,0.0,2
kashmiri tea (kehwa),24.9,0.17,5.23,0.51,0.16,5.14,0.29,3.19,0.07,0.06,Snacks,processed,0.0288,0.8849,0.0863,0.2787,0.0,2
semolina carrot vada (suji gajar vada),699.53,1.56,6.52,74.07,1.07,1.21,73.17,26.47,0.36,0.95,Non-Veg,processed,0.019,0.0794,0.9016,0.021,3.0,1
paushtik roti,149.26,7.17,26.59,1.51,5.74,2.03,170.96,52.74,2.62,6.65,Veg,processed,0.2033,0.7539,0.0428,4.4534,1.0,3
paushtik ladoo,485.87,7.65,60.34,24.98,4.57,38.12,6.09,20.67,1.63,0.0,Non-Veg,processed,0.0823,0.649,0.2687,0.305,3.0,1
pearl millet ladoo (bajra ladoo),319.66,9.61,50.98,8.06,6.0,27.44,12.26,118.74,4.72,0.0,Dessert,processed,0.14,0.7426,0.1174,1.1777,2.0,0
sprouted moong poha,192.6,5.59,26.6,6.89,3.13,1.93,220.82,28.39,2.43,19.24,Non-Veg,processed,0.143,0.6807,0.1763,0.7997,1.0,1
sprouted moong daliya,111.56,2.81,14.77,4.71,3.12,1.67,196.73,22.62,1.29,7.53,Veg,processed,0.1261,0.6626,0.2113,0.5842,1.0,3
sweet split chickpea roti (sweet channa dal roti/puranpoli),366.59,9.51,62.66,7.93,8.16,24.73,12.05,53.3,4.36,0.0,Dessert,processed,0.1187,0.7823,0.099,1.1843,3.0,0
spinach burfi (palak burfi),121.17,2.71,12.76,6.81,1.17,12.12,27.77,93.68,1.05,8.57,Veg,processed,0.1216,0.5727,0.3057,0.3922,1.0,3
wheat flour and moong dal burfi (atta aur moong dal ki burfi),441.08,9.84,60.0,18.41,6.02,31.12,5.25,25.2,2.3,0.0,Non-Veg,processed,0.1115,0.6799,0.2086,0.5316,3.0,1
sweet poori (meethi poori),782.75,2.12,14.26,79.63,1.54,7.15,2.57,34.24,1.13,0.0,Non-Veg,processed,0.0221,0.1485,0.8294,0.0266,3.0,1
split bengal gram sweet rice (channa dal sweet rice),190.21,4.15,41.07,0.64,2.23,19.41,8.38,30.37,1.77,0.0,Non-Veg,processed,0.0905,0.8956,0.014,5.6081,1.0,1
vegetable poha,180.52,4.89,21.52,8.07,3.76,1.4,418.02,28.01,1.92,7.21,Non-Veg,processed,0.1418,0.6241,0.234,0.5985,1.0,1
vegetable upma,146.47,4.73,16.46,6.63,4.19,1.39,347.02,26.68,1.35,14.42,Veg,processed,0.17,0.5917,0.2383,0.7028,1.0,3
bread upma,129.51,2.8,12.6,7.75,1.96,1.56,176.44,45.22,0.82,4.64,Veg,processed,0.121,0.5443,0.3348,0.3567,1.0,3
rice upma,151.27,2.63,17.96,7.46,2.12,1.13,101.75,17.57,0.67,4.64,Non-Veg,processed,0.0938,0.6403,0.266,0.3479,1.0,1
vermicelli upma (semiya/seviyan upma),149.11,3.11,16.88,7.45,3.21,1.4,101.8,20.3,0.93,4.64,Veg,processed,0.1133,0.6152,0.2715,0.4119,1.0,3
semolina upma (suji/rava upma),147.89,3.3,16.31,7.49,3.24,1.31,101.59,21.57,1.1,4.64,Veg,processed,0.1218,0.6018,0.2764,0.4348,1.0,3
vermicelli porridge (semiya/seviyan porridge),78.4,2.5,10.56,2.98,0.48,7.04,65.33,72.96,0.2,4.82,Veg,processed,0.1559,0.6584,0.1858,0.8117,0.0,3
potato canjee (aloo canjee),16.26,0.44,2.69,0.39,0.43,0.1,35.99,5.21,0.22,7.72,Snacks,processed,0.125,0.7642,0.1108,0.898,0.0,2
cauliflower canjee (phoolgobhi ki canjee),6.9,0.39,0.35,0.42,0.49,0.09,41.45,6.26,0.22,7.86,Snacks,processed,0.3362,0.3017,0.3621,0.75,0.0,2
canjee,6.61,0.24,0.44,0.42,0.36,0.21,43.03,5.82,0.17,0.52,Snacks,processed,0.2182,0.4,0.3818,0.4615,0.0,2
mintade,40.32,0.03,10.59,0.02,0.03,10.47,26.69,2.1,0.05,8.5,Snacks,processed,0.0028,0.9953,0.0019,0.25,0.0,2
gingo,48.02,0.14,12.42,0.06,0.17,12.08,21.5,6.33,0.21,8.39,Snacks,processed,0.0111,0.9842,0.0048,0.875,0.0,2
jal jeera,30.24,0.44,6.7,0.26,0.95,5.71,215.62,24.72,0.84,2.23,Snacks,processed,0.0595,0.9054,0.0351,1.2222,0.0,2
flavoured milkshake,66.78,2.06,8.65,2.83,0.0,8.61,16.34,75.05,0.11,3.62,Veg,processed,0.1521,0.6388,0.209,0.7031,0.0,3
banana milkshake with ice cream (kele ka milkshake ice cream ke saath),76.45,2.01,11.15,2.77,0.27,9.94,16.63,68.3,0.14,6.99,Veg,processed,0.1262,0.6999,0.1739,0.7003,0.0,3
spinach soup (palak ka soup),32.59,10.54,3.03,14.26,1.98,0.29,12088.21,56.23,2.68,30.99,Snacks,processed,0.3787,0.1089,0.5124,0.734,0.0,2
green pea soup (matar ka soup),39.81,11.06,3.63,12.9,2.49,0.87,10958.11,46.63,2.18,41.12,Snacks,processed,0.4009,0.1316,0.4676,0.8508,0.0,2
consomme au vermicelli,29.94,15.23,1.3,12.98,0.81,0.27,12524.61,97.34,3.98,2.44,Snacks,processed,0.5161,0.0441,0.4399,1.1644,0.0,2
consomme au julienne,27.76,12.49,1.49,10.66,1.38,0.83,10208.47,85.89,3.34,11.77,Snacks,processed,0.5069,0.0605,0.4326,1.1608,0.0,2
meat consomme (with mutton),29.76,14.86,0.51,13.68,0.71,0.24,12665.52,115.88,4.22,2.44,Snacks,processed,0.5115,0.0176,0.4709,1.0784,0.0,2
white stock,6.99,0.07,0.4,0.56,0.17,0.24,1.56,1.58,0.03,2.58,Snacks,processed,0.068,0.3883,0.5437,0.1061,0.0,2
meat stock,24.48,2.1,0.0,1.78,0.0,0.0,8.62,0.86,0.05,0.0,Snacks,processed,0.5412,0.0,0.4588,1.117,0.0,2
mixed stock,25.19,2.06,0.33,1.71,0.15,0.2,9.51,2.06,0.07,2.58,Snacks,processed,0.5024,0.0805,0.4171,1.1381,0.0,2
spanish omelette/omlet,157.45,8.25,5.1,11.44,2.54,1.03,233.87,31.72,1.28,28.63,Non-Veg,processed,0.3328,0.2057,0.4615,0.7149,1.0,1
cheese and mushroom omelette/omlet,205.63,9.69,1.68,17.82,0.93,1.07,400.29,148.77,1.01,0.48,Non-Veg,processed,0.332,0.0576,0.6105,0.5407,2.0,1
orange omelette/omlet,194.66,8.93,1.68,16.84,0.0,1.68,340.92,37.33,1.26,7.2,Non-Veg,processed,0.3253,0.0612,0.6135,0.5272,1.0,1
puffy omelette/omlet,188.15,8.82,0.08,16.84,0.0,0.08,340.53,34.96,1.2,0.0,Non-Veg,processed,0.3427,0.0031,0.6542,0.5207,1.0,1
french omelette/omlet,211.04,10.03,0.41,18.86,0.38,0.1,381.85,46.35,1.58,0.48,Non-Veg,processed,0.3423,0.014,0.6437,0.529,2.0,1
indian style egg bhujia (anda bhujia (indian style)),102.83,6.1,3.76,7.02,1.53,1.95,218.05,31.9,1.14,13.56,Veg,processed,0.3614,0.2227,0.4159,0.8567,1.0,3
paneer stuffed cheela/chilla,205.19,11.44,19.16,8.89,4.03,3.81,289.1,151.3,2.41,19.76,Non-Veg,processed,0.2897,0.4852,0.2251,1.2725,2.0,1
moong dal stuffed cheela/chilla (moong dal ka cheela/chilla),154.89,6.97,19.42,5.11,4.25,1.11,267.23,39.34,2.22,34.81,Non-Veg,processed,0.2213,0.6165,0.1622,1.3378,1.0,1
beetroot poori (chukandar ki poori),527.66,1.91,12.29,52.18,1.4,0.54,46.48,5.38,0.6,0.29,Non-Veg,processed,0.0288,0.1851,0.7861,0.0365,3.0,1
gram flour poori (besan poori),697.66,2.59,10.93,71.51,1.94,0.35,58.33,7.09,0.71,0.0,Non-Veg,processed,0.0305,0.1285,0.841,0.0362,3.0,1
bathua poori,598.79,2.35,13.85,59.14,1.87,0.41,49.71,30.83,0.96,4.56,Non-Veg,processed,0.0312,0.1838,0.785,0.0397,3.0,1
methi parantha/paratha,148.36,4.27,22.19,4.34,5.09,2.44,48.36,65.85,2.42,12.63,Veg,processed,0.1386,0.7205,0.1409,0.9617,1.0,3
onion-green chilli parantha/paratha (pyaaz aur hari mirch ka parantha/paratha),191.27,4.37,26.37,7.27,5.16,2.71,241.19,24.91,1.81,3.05,Non-Veg,processed,0.115,0.6938,0.1913,0.5929,1.0,1
veg paneer stew,145.55,6.98,10.22,8.41,3.08,4.85,73.15,160.51,1.37,32.41,Veg,processed,0.2725,0.3991,0.3284,0.8202,1.0,3
chicken stew,127.55,7.19,4.44,8.91,1.82,1.43,79.62,31.53,0.9,20.89,Veg,processed,0.35,0.2162,0.4338,0.798,1.0,3
cold tomato soup,16.9,0.11,0.59,1.56,0.16,0.22,287.15,4.2,0.1,10.09,Snacks,processed,0.0487,0.2611,0.6903,0.0663,0.0,2
cold cucumber cream soup,11.88,0.34,1.76,0.34,0.73,0.51,207.89,8.02,0.16,14.72,Snacks,processed,0.1393,0.7213,0.1393,0.7727,0.0,2
almond soup (badam ka soup),78.65,10.13,3.68,13.8,0.91,1.94,8376.94,114.95,2.83,7.68,Veg,processed,0.3669,0.1333,0.4998,0.7288,0.0,3
cream of potato soup,60.2,8.1,6.14,12.05,1.51,1.24,8503.99,51.97,1.7,28.86,Veg,processed,0.3081,0.2335,0.4583,0.6667,0.0,3
cream of broccoli soup,56.14,8.97,3.72,12.75,1.89,1.59,8792.43,66.55,1.82,68.91,Veg,processed,0.3526,0.1462,0.5012,0.6981,0.0,3
cream of carrot soup,59.77,8.27,5.69,12.35,1.98,1.77,8694.79,57.24,1.73,10.68,Veg,processed,0.3143,0.2163,0.4694,0.6643,0.0,3
mulligatawny soup,54.42,11.26,8.24,13.28,2.6,1.26,11602.5,43.89,2.65,8.37,Veg,processed,0.3435,0.2514,0.4051,0.8416,0.0,3
cheese soup,41.13,12.39,1.87,17.07,1.8,0.84,13695.35,83.65,2.4,5.29,Snacks,processed,0.3955,0.0597,0.5448,0.7216,0.0,2
mixed vegetable soup,35.71,8.22,2.95,11.66,1.64,1.64,9202.27,50.69,1.74,20.06,Snacks,processed,0.3601,0.1292,0.5107,0.699,0.0,2
plain khitchdi (plain khichri/khichdi),57.03,1.72,10.04,1.01,0.85,0.12,37.14,5.05,0.31,0.83,Veg,processed,0.1347,0.7862,0.0791,1.5495,0.0,3
mexican rice,120.57,4.62,14.21,4.88,1.64,1.44,93.42,14.51,0.55,42.71,Veg,processed,0.1949,0.5993,0.2058,0.9277,1.0,3
chicken pulao,108.24,6.07,11.17,8.48,1.64,0.99,3093.47,32.25,0.98,4.47,Veg,processed,0.236,0.4343,0.3297,0.7075,1.0,3
mutton pulao,130.77,6.52,11.26,10.78,1.65,1.0,3115.59,49.87,1.25,4.47,Veg,processed,0.2283,0.3943,0.3775,0.5993,1.0,3
black channa pulao/ bengal gram pulao (kale chane ka pulao),125.51,3.44,21.55,2.58,2.69,1.99,103.09,16.51,0.77,8.11,Veg,processed,0.1248,0.7816,0.0936,1.2836,1.0,3
split bengal gram dal and vegetable pulao (channa dal and vegetable pulao),116.53,3.6,19.72,2.3,3.16,1.59,98.07,19.09,0.82,27.07,Veg,processed,0.1405,0.7697,0.0898,1.5,1.0,3
peas pulao (matar pulao),108.87,3.89,18.42,1.9,3.21,1.3,86.18,18.18,0.78,62.36,Veg,processed,0.1607,0.7608,0.0785,1.945,1.0,3
cumin pulao (jeera/zeera pulao),135.24,2.47,23.61,3.2,1.4,0.64,219.73,7.25,0.33,1.42,Veg,processed,0.0844,0.8064,0.1093,0.7485,1.0,3
kashmiri 'tahar',98.21,1.95,19.11,1.37,0.98,0.17,61.29,3.93,0.32,0.02,Veg,processed,0.0869,0.852,0.0611,1.3265,0.0,3
eggplant/brinjal rice (vangi bhat),184.8,5.28,31.74,3.67,4.44,4.36,59.06,36.02,1.91,3.23,Non-Veg,processed,0.1298,0.78,0.0902,1.4005,1.0,1
minced meat pancake (with chicken),116.04,12.01,8.18,10.48,0.7,1.29,4942.18,64.72,1.99,2.14,Veg,processed,0.3916,0.2667,0.3417,1.1352,1.0,3
cheese and tomato pancake,147.39,5.15,10.66,9.28,1.06,3.48,281.62,127.51,0.64,9.72,Veg,processed,0.2053,0.4249,0.3699,0.549,1.0,3
bacon and mushroom pancake,157.67,6.82,8.47,10.6,1.59,1.23,344.23,44.74,0.54,1.91,Non-Veg,processed,0.2634,0.3272,0.4094,0.6374,1.0,1
pizza,146.77,6.85,9.94,8.72,1.71,1.38,225.02,77.23,0.66,42.9,Veg,processed,0.2685,0.3897,0.3418,0.7766,1.0,3
peas kachori (matar kachori),584.68,3.21,13.25,57.51,2.03,0.5,55.45,14.25,0.77,10.11,Non-Veg,processed,0.0434,0.1791,0.7775,0.0557,3.0,1
peas poori (matar ki poori),592.83,3.04,14.92,57.69,2.25,0.48,47.77,8.96,0.84,4.61,Non-Veg,processed,0.0402,0.1972,0.7626,0.0526,3.0,1
urad special dehusked,69.43,3.14,8.86,2.17,2.5,1.32,109.56,16.4,0.83,17.4,Veg,processed,0.2216,0.6253,0.1531,1.3833,0.0,3
sour lentils (khatti dal),34.79,2.22,6.04,0.12,1.22,1.25,115.6,8.29,0.85,1.88,Snacks,processed,0.2649,0.7208,0.0143,10.0909,0.0,2
home made egg noodles,240.84,6.55,42.92,4.37,1.6,1.03,177.24,15.96,1.15,0.0,Non-Veg,processed,0.1217,0.7972,0.0812,1.4653,2.0,1
lasagne with vegetables,49.23,1.71,5.9,2.16,0.66,1.37,40.78,32.89,0.57,179.9,Snacks,processed,0.175,0.6039,0.2211,0.7566,0.0,2
lasagne with meat sauce,63.38,2.9,5.38,3.43,0.47,1.04,37.08,24.61,0.49,80.17,Veg,processed,0.2477,0.4594,0.2929,0.8215,0.0,3
spaghetti with paneer balls and tomato sauce,158.54,3.95,12.72,10.44,1.25,3.03,199.55,80.73,0.55,44.09,Non-Veg,processed,0.1457,0.4692,0.3851,0.3748,1.0,1
spaghetti with meat balls and tomato sauce,158.13,5.61,10.46,10.64,1.11,1.87,189.13,40.82,0.71,44.09,Non-Veg,processed,0.21,0.3916,0.3984,0.5223,1.0,1
meat and macaroni casserole,161.55,9.15,16.12,10.17,1.19,1.0,2511.99,68.28,1.85,29.03,Non-Veg,processed,0.2582,0.4549,0.287,0.8909,1.0,1
spaghetti bolognese,97.43,9.35,10.04,9.51,1.08,1.41,5358.6,73.66,2.06,27.89,Veg,processed,0.3235,0.3474,0.3291,0.9729,0.0,3
beans and macaroni,136.08,4.58,14.24,7.01,2.05,1.68,182.79,86.86,0.75,16.54,Veg,processed,0.1773,0.5513,0.2714,0.6442,1.0,3
uttapam,255.95,6.18,36.28,9.03,4.4,1.5,228.69,40.86,1.23,6.15,Dessert,processed,0.12,0.7046,0.1754,0.6769,2.0,0
masala dosa paneer fillings,243.12,10.31,29.76,8.84,3.11,4.81,160.4,171.23,1.27,11.5,Non-Veg,processed,0.2108,0.6085,0.1807,1.1532,2.0,1
masala dosa mixed vegetable fillings,144.53,4.84,23.02,3.26,4.31,1.53,122.08,31.79,1.21,52.07,Veg,processed,0.1555,0.7397,0.1048,1.4405,1.0,3
plain dosa,380.91,10.34,64.08,8.43,5.23,0.7,142.98,19.35,1.5,0.0,Dessert,processed,0.1248,0.7734,0.1018,1.2122,3.0,0
instant idli (with semolina),247.29,9.16,43.4,3.61,7.13,3.35,1504.66,93.2,2.31,0.14,Non-Veg,processed,0.1631,0.7727,0.0643,2.469,2.0,1
soya chunks sweet and sour (nutrinugget sweet and sour),500.94,2.85,3.27,55.99,0.86,1.1,2257.67,13.89,0.7,37.78,Non-Veg,processed,0.0459,0.0526,0.9015,0.0508,3.0,1
indian lamb and egg curry (nargisi kofta),335.75,3.84,2.07,34.7,0.6,0.75,57.44,12.91,0.55,7.67,Dessert,processed,0.0946,0.051,0.8545,0.1103,2.0,0
mutton seekh kebab,133.94,11.25,3.11,8.43,1.88,1.4,102.17,117.44,2.19,3.97,Veg,processed,0.4936,0.1365,0.3699,1.3189,1.0,3
boti kebab,132.86,9.22,3.06,9.27,0.76,2.09,78.14,98.67,1.41,4.52,Veg,processed,0.4278,0.142,0.4302,0.984,1.0,3
minced meat ball curry,109.79,6.82,2.86,7.85,1.49,1.27,170.06,23.84,1.01,20.62,Veg,processed,0.389,0.1631,0.4478,0.8579,1.0,3
shahi keema kofta curry,418.13,4.14,1.73,43.83,0.91,0.78,104.53,14.51,0.67,20.97,Non-Veg,processed,0.0833,0.0348,0.8819,0.0942,3.0,1
mutton korma,115.64,7.09,2.53,8.54,0.78,1.64,56.94,79.07,1.09,5.54,Veg,processed,0.3904,0.1393,0.4703,0.8206,1.0,3
dry masala chops,135.07,9.08,3.3,9.54,0.86,2.27,83.47,112.25,1.39,1.87,Veg,processed,0.4142,0.1505,0.4352,0.9419,1.0,3
besan gatte curry,189.38,7.75,16.26,10.72,3.25,4.5,356.27,151.08,1.89,13.39,Non-Veg,processed,0.2232,0.4682,0.3087,0.7163,1.0,1
kabuli channa curry,68.57,2.92,7.63,3.06,1.12,1.24,122.05,32.03,0.95,16.22,Veg,processed,0.2145,0.5606,0.2248,0.9241,0.0,3
urad sabut special,79.39,2.33,5.03,5.46,2.15,0.86,60.09,21.45,0.71,28.45,Veg,processed,0.1817,0.3924,0.4259,0.4191,0.0,3
green gram whole with baghar (sabut moong dal with tadka),63.43,3.23,6.8,2.48,3.02,0.15,181.69,25.04,1.0,0.48,Veg,processed,0.2582,0.5436,0.1982,1.2519,0.0,3
rasam with lemon (nimmakaya rasam/nimmakaya charu/elumichai rasam/nimbe hannina saaru),24.41,1.11,2.85,0.87,1.54,0.44,102.77,15.56,0.52,19.71,Snacks,processed,0.2298,0.5901,0.1801,1.1443,0.0,2
rasam with tamarind (puli rasam/ chintapandu rasam/ charu/saaru),26.74,1.13,3.37,0.88,1.6,0.83,104.11,16.56,0.59,17.27,Snacks,processed,0.21,0.6264,0.1636,1.1531,0.0,2
moong dal with vadi,24.08,0.4,1.0,2.05,0.39,0.45,112.36,2.99,0.18,10.19,Snacks,processed,0.1159,0.2899,0.5942,0.186,0.0,2
arhar with spinach (arhar dal aur palak),52.84,2.05,4.77,2.76,1.3,0.23,109.97,21.81,0.89,18.79,Veg,processed,0.214,0.4979,0.2881,0.7168,0.0,3
fish finger,542.9,5.66,4.47,55.82,0.34,0.17,103.55,11.38,0.38,14.13,Non-Veg,processed,0.0858,0.0678,0.8464,0.1012,3.0,1
bengal fish curry (bengali machli curry),109.43,7.26,4.42,7.03,1.93,2.39,76.38,44.44,0.85,9.39,Veg,processed,0.388,0.2362,0.3757,1.0182,1.0,3
chicken sweet and sour,445.09,6.92,2.67,47.59,0.58,0.89,1809.94,21.98,0.93,37.78,Non-Veg,processed,0.121,0.0467,0.8323,0.1451,3.0,1
ginger chicken,129.17,8.24,5.6,8.24,1.21,1.95,365.86,18.41,0.96,49.96,Veg,processed,0.3732,0.2536,0.3732,0.988,1.0,3
broccoli chicken ala king,119.56,7.97,5.34,7.57,1.92,2.49,104.01,73.36,0.78,79.81,Veg,processed,0.3817,0.2557,0.3625,1.0391,1.0,3
creamy chicken,152.87,13.52,3.13,9.57,0.69,2.11,97.08,50.37,0.82,7.46,Non-Veg,processed,0.5156,0.1194,0.365,1.3981,1.0,1
tomato chicken,111.68,10.57,2.13,6.71,1.42,0.93,104.83,21.24,0.87,24.53,Veg,processed,0.5446,0.1097,0.3457,1.5521,1.0,3
shahi chicken masala,163.7,9.82,4.07,12.02,0.96,2.86,142.56,82.68,0.89,9.92,Non-Veg,processed,0.379,0.1571,0.4639,0.8102,1.0,1
roast chicken,199.9,20.49,0.1,13.06,0.03,0.05,71.71,13.61,0.79,0.3,Non-Veg,processed,0.6089,0.003,0.3881,1.557,1.0,1
vegetarian nargisi kofta curry,332.15,2.29,6.58,32.94,0.86,1.65,73.56,47.09,0.38,27.25,Dessert,processed,0.0548,0.1574,0.7878,0.0693,2.0,0
spinach mushroom (palak mushroom),47.63,1.94,2.95,2.96,2.27,1.0,70.97,49.75,1.69,60.21,Snacks,processed,0.2471,0.3758,0.3771,0.634,0.0,2
vegetable yakhni,406.06,1.18,1.94,43.8,0.61,1.44,38.05,43.67,0.24,5.43,Non-Veg,processed,0.0251,0.0413,0.9335,0.0269,3.0,1
soya chunks and peas (nutrinugget matar),82.62,3.03,5.82,5.11,2.86,1.64,70.97,20.32,0.99,39.15,Veg,processed,0.217,0.4169,0.366,0.5816,0.0,3
mushroom matar,70.77,2.79,5.33,4.11,3.13,1.39,61.63,21.42,0.81,39.15,Veg,processed,0.2281,0.4358,0.3361,0.6627,0.0,3
soya chunks korma (nutrinugget korma),131.43,3.86,7.67,9.5,2.57,4.66,148.98,89.7,1.18,11.59,Veg,processed,0.1835,0.3647,0.4517,0.4021,1.0,3
bathua bhujia,90.9,2.26,3.63,7.29,3.8,1.08,81.99,165.84,2.36,66.6,Veg,processed,0.1715,0.2754,0.5531,0.3058,0.0,3
mooli bhujia,91.2,1.69,4.74,7.25,2.36,1.07,89.73,131.88,2.37,80.77,Veg,processed,0.1235,0.3465,0.53,0.2299,0.0,3
spinach and potato (palak aloo),57.17,1.63,5.91,2.82,2.04,0.93,62.46,43.67,1.59,78.73,Veg,processed,0.1573,0.5705,0.2722,0.5582,0.0,3
jackfruit kofta curry (kathal ka kofta curry),321.08,0.8,3.17,33.83,0.96,2.4,40.04,11.36,0.24,27.49,Dessert,processed,0.0212,0.0839,0.895,0.0236,2.0,0
yam kofta curry (zimikand/suran kofta curry),322.88,0.71,3.75,33.84,1.04,0.63,42.22,8.35,0.31,36.07,Dessert,processed,0.0185,0.0979,0.8836,0.0209,2.0,0
potato kofta curry (aloo kofta curry),455.4,0.56,2.78,49.08,0.56,0.63,30.12,7.77,0.26,46.64,Non-Veg,processed,0.0107,0.053,0.9363,0.0114,3.0,1
curd with potatoes (dahi aloo),59.9,1.56,7.15,2.72,1.19,1.82,51.99,36.36,0.47,42.93,Veg,processed,0.1365,0.6255,0.238,0.5532,0.0,3
vegetable curry with coconut,83.07,2.77,7.19,4.66,3.35,1.41,43.4,19.63,0.95,69.6,Veg,processed,0.1895,0.4918,0.3187,0.5819,0.0,3
egg curry (anda curry),117.52,5.38,4.03,8.81,2.09,1.9,142.12,41.59,1.52,19.03,Veg,processed,0.2953,0.2212,0.4835,0.6038,1.0,3
potato curry (aloo ki sabzi),89.56,1.52,10.42,4.47,2.42,1.58,78.4,23.74,0.97,42.18,Veg,processed,0.0926,0.635,0.2724,0.3326,0.0,3
fish souffle,139.71,10.51,5.14,8.55,0.19,2.09,92.45,63.87,0.59,2.41,Veg,processed,0.4343,0.2124,0.3533,1.215,1.0,3
crispy baked fish,138.4,10.95,9.59,6.41,1.21,1.53,192.42,60.04,0.55,16.97,Veg,processed,0.4063,0.3558,0.2378,1.682,1.0,3
fish pie,120.9,9.25,7.74,5.77,0.76,1.13,101.8,36.15,0.46,27.02,Veg,processed,0.4064,0.3401,0.2535,1.5758,1.0,3
baked stuffed fish,121.96,16.14,2.12,5.43,0.38,0.35,74.36,18.8,0.35,13.01,Veg,processed,0.6813,0.0895,0.2292,2.9186,1.0,3
prawn curry (with coconut) (jhinga curry),109.55,8.54,3.1,6.93,1.56,2.03,375.86,37.25,0.96,3.72,Veg,processed,0.4599,0.1669,0.3732,1.2148,1.0,3
fish in coconut milk (nariyal ke doodh ke saath machli),86.21,8.66,2.73,4.43,1.52,1.55,73.93,21.94,0.91,10.71,Veg,processed,0.5474,0.1726,0.28,1.9117,0.0,3
dhansak (vegetarian),82.8,3.32,7.28,4.18,4.17,0.91,34.18,26.4,1.26,13.25,Veg,processed,0.2246,0.4926,0.2828,0.7757,0.0,3
broccoli delight,40.7,2.49,2.34,2.48,2.83,1.08,59.26,26.99,0.71,79.0,Snacks,processed,0.3406,0.3201,0.3393,0.9651,0.0,2
vegetables stir fry,30.78,1.04,3.19,1.47,1.37,0.86,55.0,13.3,0.34,38.17,Snacks,processed,0.1825,0.5596,0.2579,0.6624,0.0,2
vegetable jalfrezi,68.48,1.4,5.43,4.38,2.97,1.79,79.46,27.11,0.68,26.08,Veg,processed,0.1249,0.4844,0.3907,0.3125,0.0,3
"cauliflower, pea and potato bhujia (phoolgobhi, matar aur aloo bhujia)",95.67,2.75,8.23,5.54,3.26,1.47,86.29,21.05,0.98,53.51,Veg,processed,0.1665,0.4982,0.3354,0.4876,0.0,3
yam fried (zimikand/suran fried),491.76,0.79,5.47,51.79,1.44,0.8,37.07,8.11,0.43,30.3,Non-Veg,processed,0.0136,0.0942,0.8922,0.0152,3.0,1
jackfruit/kathal (dry),488.97,0.93,4.56,51.78,1.33,3.55,33.68,12.79,0.33,21.72,Non-Veg,processed,0.0162,0.0796,0.9041,0.0179,3.0,1
stuffed bittergourd (wet) (bharwa karele),162.36,1.36,4.68,15.24,2.86,1.95,360.09,17.25,0.91,46.93,Non-Veg,processed,0.0639,0.2199,0.7162,0.0887,1.0,1
beans foogath,105.06,2.03,3.26,9.22,4.15,1.7,81.22,44.2,0.95,6.36,Veg,processed,0.1399,0.2247,0.6354,0.2178,1.0,3
crispy okra/crispy lady's fingers (karare bhindi),657.76,1.91,4.35,70.4,1.75,0.26,40.42,27.61,0.56,18.14,Non-Veg,processed,0.0249,0.0567,0.9183,0.0271,3.0,1
okra/lady's fingers fry (bhindi sabzi/sabji/subji),110.81,1.83,4.5,9.27,3.57,1.42,92.78,67.88,0.88,29.07,Veg,processed,0.1173,0.2885,0.5942,0.1953,1.0,3
peas brinjal bhartha (matar baingan bhartha),84.55,2.05,5.02,6.05,3.63,1.57,63.65,19.63,0.63,27.86,Veg,processed,0.1562,0.3826,0.4611,0.3333,0.0,3
masala arbi,185.38,3.01,16.16,11.9,3.1,0.81,261.31,32.08,0.99,1.9,Non-Veg,processed,0.0969,0.5201,0.383,0.2508,1.0,1
dry arbi (sookhi arbi),134.95,2.12,11.11,8.97,2.47,1.55,81.25,22.77,0.68,8.11,Veg,processed,0.0955,0.5005,0.4041,0.2337,1.0,3
cabbage rolls (curry) ((pattagobhi rolls)(curry)),124.63,5.76,7.03,8.17,2.35,3.81,123.98,29.82,0.95,26.91,Veg,processed,0.2748,0.3354,0.3898,0.6965,1.0,3
cabbage rolls (dry) ((pattagobhi rolls) (dry)),142.48,8.21,6.09,9.36,1.84,1.26,118.05,31.54,0.98,12.69,Veg,processed,0.347,0.2574,0.3956,0.8679,1.0,3
spring basket salad,160.46,3.36,11.61,11.3,3.09,1.46,26.02,45.65,0.85,70.79,Non-Veg,processed,0.1279,0.4419,0.4301,0.2947,1.0,1
tossed green salad,49.88,1.33,3.82,3.24,1.33,1.9,65.09,33.71,1.27,58.24,Snacks,processed,0.1585,0.4553,0.3862,0.3982,0.0,2
sour cream potato salad,121.9,2.89,9.05,8.13,1.21,0.84,102.66,23.25,0.9,37.28,Veg,processed,0.144,0.4509,0.4051,0.3512,1.0,3
beetroot and egg salad (chukandar aur ande ka salad),84.92,3.36,3.4,6.45,0.55,1.97,110.12,18.13,0.55,6.0,Veg,processed,0.2544,0.2574,0.4883,0.513,0.0,3
spinach souffle,150.18,7.36,6.27,10.52,1.44,0.89,244.07,133.69,2.15,30.28,Non-Veg,processed,0.3048,0.2596,0.4356,0.693,1.0,1
vegetable and cheese pie,126.88,4.03,8.76,8.28,1.91,2.69,117.99,99.48,0.58,55.0,Veg,processed,0.1913,0.4158,0.393,0.4809,1.0,3
cauliflower au gratin,145.9,4.45,9.13,10.2,1.44,3.01,164.96,119.69,0.57,50.15,Veg,processed,0.1871,0.3839,0.4289,0.432,1.0,3
fricassee of mushroom,106.66,3.65,8.13,6.63,1.23,2.51,118.98,84.97,0.36,39.68,Veg,processed,0.1983,0.4416,0.3601,0.5423,1.0,3
creamed spinach and mushroom,419.62,2.28,3.17,44.14,1.02,1.17,90.21,65.49,0.9,48.37,Non-Veg,processed,0.046,0.0639,0.8901,0.0515,3.0,1
parsley potato,119.51,1.49,13.81,6.28,1.59,0.34,4.62,11.43,0.55,23.82,Veg,processed,0.069,0.6399,0.291,0.2335,1.0,3
potato nests,111.62,5.71,11.05,4.77,2.49,1.41,182.12,55.25,0.87,37.47,Veg,processed,0.2652,0.5132,0.2216,1.1725,1.0,3
stuffed baked potatoes,100.2,3.82,11.03,4.39,1.31,0.4,92.09,25.72,0.81,18.77,Veg,processed,0.1985,0.5733,0.2282,0.8508,1.0,3
roast potatoes,87.32,1.53,14.52,2.35,1.71,0.33,90.67,10.38,0.57,17.36,Veg,processed,0.0832,0.7891,0.1277,0.6245,0.0,3
ducheese potato,140.54,3.6,10.94,9.01,1.29,0.29,103.85,18.1,0.76,7.23,Veg,processed,0.1529,0.4645,0.3826,0.3952,1.0,3
stuffed bottle gourd (stuffed ghiya/lauki),93.19,5.84,4.36,5.8,1.18,1.52,106.99,71.83,0.66,9.01,Veg,processed,0.365,0.2725,0.3625,0.9898,0.0,3
cauliflower basket,90.95,5.21,3.97,5.88,2.4,1.47,194.22,100.19,0.92,71.55,Veg,processed,0.3459,0.2636,0.3904,0.8712,0.0,3
mango raita (aam ka raita),67.37,3.9,8.23,2.14,0.89,7.87,135.46,136.06,0.34,18.19,Veg,processed,0.2733,0.5767,0.15,1.7411,0.0,3
banana raita (kele ka raita),89.03,4.13,13.51,2.07,1.0,10.11,135.43,133.23,0.31,5.73,Veg,processed,0.2095,0.6854,0.105,1.9032,0.0,3
pineapple raita (ananas ka raita),67.74,3.9,8.62,2.02,1.39,8.12,135.48,134.53,0.27,19.89,Veg,processed,0.2682,0.5928,0.1389,1.8396,0.0,3
bathua raita,54.4,4.13,5.31,1.76,2.19,4.11,110.92,206.31,1.46,43.65,Veg,processed,0.3688,0.4741,0.1571,2.2204,0.0,3
spinach raita (palak ka raita),52.75,3.95,5.06,1.86,1.39,3.97,126.57,142.96,1.61,32.9,Veg,processed,0.3634,0.4655,0.1711,2.0153,0.0,3
mint and peanut raita (pudinay aur moongfali ka raita),112.05,7.05,7.31,6.19,1.79,6.17,223.01,191.01,1.68,6.06,Veg,processed,0.3431,0.3557,0.3012,1.1208,1.0,3
pumpkin raita (kaddu ka raita),55.6,3.74,6.02,1.88,1.04,5.48,129.14,130.11,0.33,7.11,Veg,processed,0.3213,0.5172,0.1615,1.8889,0.0,3
carrot raita (gajar ka raita),64.78,4.14,7.19,2.19,1.69,5.99,274.46,146.72,0.55,7.76,Veg,processed,0.3062,0.5318,0.162,1.8079,0.0,3
curd dressing,78.8,5.59,8.03,2.9,0.22,7.57,204.62,194.59,0.18,5.34,Veg,processed,0.3384,0.4861,0.1755,1.8633,0.0,3
mayonnaise without eggs,329.05,2.13,3.98,33.84,0.04,3.68,193.58,75.54,0.27,12.05,Dessert,processed,0.0533,0.0996,0.8471,0.0628,2.0,0
french dressing,733.77,0.32,3.68,79.65,0.22,3.01,261.13,6.98,0.48,6.42,Non-Veg,processed,0.0038,0.044,0.9522,0.004,3.0,1
frozen frosty fruit salad (phalon ka salaad),103.51,1.68,15.61,4.17,0.26,14.38,13.23,28.61,0.41,33.45,Veg,processed,0.0783,0.7274,0.1943,0.3934,1.0,3
tomato aspic,50.37,6.87,5.02,0.26,1.58,3.21,98.17,44.28,1.18,35.87,Veg,processed,0.5654,0.4132,0.0214,19.0833,0.0,3
jellied sunshine fruit salad,48.86,5.85,4.21,0.85,1.8,2.86,74.2,37.14,0.87,28.75,Snacks,processed,0.5362,0.3859,0.0779,6.1579,0.0,2
chicken and tomato towers,100.55,6.9,2.36,6.99,1.14,1.21,76.02,17.54,0.77,56.69,Veg,processed,0.4246,0.1452,0.4302,0.9732,1.0,3
cucumber and yogurt salad (kheere aur dahi ka salad),36.13,2.09,4.72,0.93,1.66,2.28,141.73,68.49,0.52,6.74,Snacks,processed,0.27,0.6098,0.1202,2.0291,0.0,2
crunchy butterscotch,277.32,3.11,19.92,20.99,0.47,17.73,22.24,72.26,0.26,2.13,Dessert,processed,0.0706,0.4525,0.4768,0.1475,2.0,0
coffee pear alaska,203.99,2.88,19.36,13.22,0.15,16.88,51.11,60.61,0.22,3.48,Non-Veg,processed,0.0812,0.546,0.3728,0.2162,2.0,1
coffee ice cream,150.62,3.15,14.09,9.43,0.0,13.35,42.09,95.72,0.15,2.16,Non-Veg,processed,0.1181,0.5283,0.3536,0.3305,1.0,1
chocolate sauce,263.2,1.91,43.21,10.39,0.0,42.06,2.8,18.8,1.13,0.0,Dessert,processed,0.0344,0.7784,0.1872,0.1821,2.0,0
pear chocholate sunday,183.49,2.08,15.02,13.11,0.07,14.41,16.26,56.67,0.24,3.34,Non-Veg,processed,0.0689,0.4972,0.434,0.1575,1.0,1
choconut ice cream,273.96,5.04,23.13,18.49,0.51,21.02,29.83,67.38,0.89,2.17,Dessert,processed,0.108,0.4957,0.3963,0.2711,2.0,0
chocochip ice cream,241.45,4.23,16.75,17.93,0.0,16.08,34.84,73.22,0.51,2.13,Non-Veg,processed,0.1087,0.4305,0.4608,0.2346,2.0,1
strawberry ice cream,215.61,4.15,12.26,16.96,0.0,11.6,37.62,77.08,0.34,2.13,Non-Veg,processed,0.1244,0.3674,0.5082,0.2433,2.0,1
vanilla ice cream with egg,214.85,4.16,11.71,17.02,0.0,11.69,37.72,77.42,0.34,2.13,Non-Veg,processed,0.1265,0.356,0.5175,0.243,2.0,1
vanilla ice cream without egg,228.67,2.69,14.21,18.15,0.0,13.45,23.97,81.27,0.1,2.13,Non-Veg,processed,0.0767,0.4054,0.5178,0.1474,2.0,1
caramel custard (baked),122.7,5.11,14.95,5.01,0.0,14.92,44.78,90.59,0.53,3.02,Veg,processed,0.2038,0.5963,0.1998,1.0,1.0,3
apple kheer (seb ki kheer),81.3,2.14,11.34,3.18,0.51,10.71,15.86,75.67,0.18,5.82,Veg,processed,0.1285,0.6807,0.1909,0.6524,0.0,3
pumpkin kheer (kaddu ki kheer),86.35,2.76,10.44,3.86,0.63,10.12,20.99,95.61,0.24,8.06,Veg,processed,0.1618,0.612,0.2263,0.697,0.0,3
bottle gourd kheer (ghiya/lauki kheer),84.07,2.7,10.0,3.86,0.55,9.63,19.62,94.18,0.23,6.2,Veg,processed,0.163,0.6039,0.2331,0.6818,0.0,3
grapes raita (angoor ka raita),72.59,3.98,9.66,2.07,0.71,8.51,135.64,134.52,0.26,10.55,Veg,processed,0.2533,0.6149,0.1318,1.8341,0.0,3
guava raita (amarood ka raita),64.36,4.19,7.27,2.07,3.0,6.71,135.94,136.93,0.28,108.7,Veg,processed,0.3097,0.5373,0.153,1.9309,0.0,3
apple crumb pudding,220.85,1.54,35.17,8.87,1.33,27.69,59.36,38.49,1.05,3.6,Non-Veg,processed,0.0338,0.7716,0.1946,0.1717,2.0,1
pavlova,200.6,1.84,21.84,12.29,0.06,20.37,26.34,23.0,0.25,23.78,Non-Veg,processed,0.0512,0.6072,0.3417,0.1485,2.0,1
apricot fool,240.79,1.54,33.64,11.35,1.0,21.29,8.28,26.37,0.73,1.47,Non-Veg,processed,0.0331,0.723,0.2439,0.1345,2.0,1
stewed fruit (with pear),74.32,0.25,18.22,0.32,2.84,17.67,1.7,5.94,0.21,2.48,Veg,processed,0.0133,0.9697,0.017,0.5952,0.0,3
cold chocolate souffle,187.53,6.37,17.22,10.86,0.0,15.31,47.77,62.91,0.68,1.3,Non-Veg,processed,0.1849,0.4999,0.3152,0.5812,1.0,1
cold vanilla souffle,179.54,6.22,16.29,10.32,0.0,14.49,49.09,62.47,0.52,1.3,Non-Veg,processed,0.1895,0.4962,0.3143,0.5969,1.0,1
cold pineapple souffle,181.22,6.23,16.85,10.39,0.0,14.99,49.38,57.13,0.54,1.88,Non-Veg,processed,0.1861,0.5034,0.3104,0.5939,1.0,1
cold orange souffle,173.19,5.94,16.27,9.82,0.11,14.42,46.53,55.45,0.57,10.08,Non-Veg,processed,0.1855,0.508,0.3066,0.5988,1.0,1
cold lemon souffle,169.87,5.89,15.62,9.78,0.0,13.88,46.35,55.03,0.53,8.65,Non-Veg,processed,0.1882,0.4992,0.3126,0.5962,1.0,1
creamy chocolate mousse,230.52,6.85,9.53,18.16,0.0,8.99,48.64,45.25,0.96,0.75,Non-Veg,processed,0.1983,0.2759,0.5258,0.3751,2.0,1
fruit delight,107.09,2.09,9.11,7.09,0.09,9.03,17.27,71.69,0.15,7.74,Veg,processed,0.1143,0.4981,0.3876,0.2907,1.0,3
raspberry bavarian cream,150.1,3.34,17.82,7.88,2.19,15.3,24.59,26.4,0.31,21.41,Non-Veg,processed,0.115,0.6136,0.2713,0.4185,1.0,1
honey banana cream,125.49,2.78,13.64,6.68,0.7,10.51,15.65,43.52,0.23,16.68,Veg,processed,0.1203,0.5905,0.2892,0.41,1.0,3
grape and orange whip,57.39,1.41,6.72,2.62,0.97,5.66,14.36,17.4,0.53,34.86,Veg,processed,0.1312,0.6251,0.2437,0.5184,0.0,3
vanilla ice cream with apples in hot cherry sauce,196.32,1.73,22.75,11.45,0.26,14.19,31.54,56.34,0.16,4.23,Non-Veg,processed,0.0481,0.6332,0.3187,0.1498,1.0,1
peach melba ice cream,200.85,2.06,16.31,14.51,0.06,13.35,17.92,60.55,0.11,2.99,Non-Veg,processed,0.0627,0.496,0.4413,0.141,2.0,1
semolina ladoo with nuts (suji/rava ladoo with nuts),441.84,5.44,48.02,25.45,4.27,19.79,3.93,18.04,1.81,0.03,Non-Veg,processed,0.0689,0.6085,0.3225,0.2129,3.0,1
wheat and gram flour ladoo (atta besan ladoo),501.7,9.38,50.5,29.86,6.01,18.46,27.06,35.27,2.39,0.0,Non-Veg,processed,0.1045,0.5627,0.3327,0.3131,3.0,1
khoa ladoo,396.02,12.21,34.43,24.09,3.08,33.37,31.71,358.61,2.25,0.02,Dessert,processed,0.1726,0.4868,0.3406,0.5048,3.0,0
pumpkin coconut burfi (kaddu aur nariyal ki burfi),186.18,1.75,17.02,12.66,4.29,16.11,8.95,21.76,0.79,3.02,Non-Veg,processed,0.0557,0.5415,0.4028,0.1371,1.0,1
semolina burfi (suji/rava burfi),348.67,3.47,47.1,16.86,2.8,28.67,8.33,14.86,1.01,0.0,Dessert,processed,0.0515,0.6985,0.25,0.2046,2.0,0
danedar burfi,102.68,3.24,12.33,4.72,0.09,11.98,23.31,107.53,0.24,3.36,Veg,processed,0.1597,0.6077,0.2326,0.6722,1.0,3
khoa coconut burfi,411.45,9.98,36.55,26.01,4.07,35.6,31.14,309.84,2.1,0.0,Non-Veg,processed,0.1376,0.5039,0.3586,0.3822,3.0,1
rasmalai,135.55,1.61,29.17,2.11,0.07,28.71,16.46,62.31,0.15,2.69,Veg,processed,0.049,0.8869,0.0642,0.7285,1.0,3
rajbogh,133.7,1.71,28.16,2.28,0.11,27.66,16.57,63.23,0.17,2.69,Veg,processed,0.0532,0.8759,0.0709,0.7185,1.0,3
rasbhari,130.05,1.52,28.27,1.92,0.02,27.84,16.65,62.58,0.13,2.69,Veg,processed,0.0479,0.8915,0.0605,0.7525,1.0,3
dil bahar,130.05,1.52,28.27,1.92,0.02,27.84,16.65,62.58,0.13,2.69,Veg,processed,0.0479,0.8915,0.0605,0.7525,1.0,3
chum chum,130.05,1.52,28.27,1.92,0.02,27.84,16.65,62.58,0.13,2.69,Veg,processed,0.0479,0.8915,0.0605,0.7525,1.0,3
gulab jamun with milk powder,471.15,0.85,28.24,40.15,0.05,27.04,67.28,26.13,0.13,0.41,Non-Veg,processed,0.0123,0.4079,0.5799,0.0211,3.0,1
hot lemon souffle,155.25,5.29,16.31,7.93,0.14,12.07,47.75,48.77,0.55,12.93,Non-Veg,processed,0.1791,0.5523,0.2685,0.6588,1.0,1
steamed cake with chocolate sauce,301.91,4.49,29.06,19.01,0.29,19.72,100.32,67.76,0.85,1.81,Dessert,processed,0.0854,0.5529,0.3617,0.235,2.0,0
instant dhokla,207.11,7.66,24.11,9.37,3.57,6.86,763.98,66.58,1.05,2.7,Non-Veg,processed,0.1862,0.586,0.2278,0.8089,2.0,1
khaman (dhokla),54.73,1.92,5.36,2.8,1.49,1.36,124.1,5.31,0.58,2.6,Veg,processed,0.1905,0.5317,0.2778,0.6621,0.0,3
masala urad dal vada,703.78,4.32,9.93,71.62,2.71,0.7,61.49,11.87,1.0,2.05,Non-Veg,processed,0.0503,0.1156,0.8341,0.0602,3.0,1
plain urad dal vada (uzunne vada/minapa garelu/ulundu vadai/medu vada),745.5,4.39,9.7,76.32,2.27,0.16,65.87,10.6,0.96,0.0,Non-Veg,processed,0.0486,0.1073,0.8442,0.0574,3.0,1
vegetable samosa,443.11,2.21,13.22,42.22,1.52,0.74,107.7,10.37,0.6,10.06,Non-Veg,processed,0.0383,0.2293,0.7324,0.0522,3.0,1
minced meat cutlet,531.86,5.1,5.61,54.47,0.4,0.31,95.81,20.82,0.63,1.81,Non-Veg,processed,0.0782,0.0861,0.8357,0.0935,3.0,1
egg cutlet (anda cutlet),575.02,2.45,5.77,60.25,0.58,0.2,79.4,16.22,0.56,11.07,Non-Veg,processed,0.0358,0.0843,0.8799,0.0406,3.0,1
poshtik cutlet,496.45,2.0,7.39,50.94,1.35,0.32,57.11,14.94,0.69,16.42,Non-Veg,processed,0.0332,0.1225,0.8444,0.0392,3.0,1
sago cutlet/vadas (sabudana cutlet/vadas),558.76,0.56,11.23,56.97,0.54,0.1,48.17,5.43,0.38,13.39,Non-Veg,processed,0.0081,0.1633,0.8285,0.0098,3.0,1
paneer cutlet,672.2,4.59,7.62,69.38,0.39,2.52,91.45,107.86,0.48,1.81,Non-Veg,processed,0.0563,0.0934,0.8503,0.0661,3.0,1
fish pakora/pakoda,577.03,5.97,4.55,59.52,0.96,0.22,112.24,12.65,0.63,0.14,Non-Veg,processed,0.0852,0.065,0.8498,0.1001,3.0,1
chicken pakora/pakoda,590.09,6.03,4.55,60.98,0.96,0.22,103.23,9.08,0.51,0.14,Non-Veg,processed,0.0843,0.0636,0.8522,0.0987,3.0,1
masala green chilli pakora/pakoda (hari mirch kay pakode),668.76,2.22,5.55,71.01,1.34,0.27,120.9,8.58,0.47,3.84,Non-Veg,processed,0.0282,0.0704,0.9014,0.0312,3.0,1
masala onion pakora/pakoda (pyaaz ke pakode),551.64,2.05,6.48,57.61,1.44,1.58,99.22,11.06,0.42,1.18,Non-Veg,processed,0.031,0.098,0.871,0.0355,3.0,1
murmura chikki,253.82,2.12,59.59,0.32,0.37,48.27,15.03,63.3,3.3,0.0,Dessert,processed,0.0342,0.9607,0.0052,5.0476,2.0,0
sesame chickpeas brittle (til aur channe ki chikki),282.74,8.5,50.49,4.66,5.54,36.48,17.93,150.73,4.8,0.0,Dessert,processed,0.1335,0.7932,0.0732,1.7857,2.0,0
mint and peanut sandwich,273.59,7.18,31.83,13.88,3.67,2.78,453.3,114.99,1.7,1.75,Dessert,processed,0.1358,0.6018,0.2624,0.5136,2.0,0
peanut butter cucumber sandwich,243.33,9.04,29.76,10.56,3.35,2.91,460.09,95.35,1.32,0.92,Non-Veg,processed,0.1831,0.6029,0.2139,0.848,2.0,1
french sandwich (toasted),186.75,6.82,14.82,11.51,1.37,1.82,274.68,100.73,1.24,6.66,Non-Veg,processed,0.2057,0.4471,0.3472,0.5874,1.0,1
tomato sandwich (grilled),189.92,6.26,21.29,9.39,1.91,2.58,420.6,150.9,0.88,8.91,Non-Veg,processed,0.1695,0.5763,0.2542,0.6596,1.0,1
tomato and cucumber sandwich (tamatar aur kheere ka sandwich),150.68,4.03,20.51,6.31,2.1,1.79,222.22,76.75,1.15,7.12,Non-Veg,processed,0.1306,0.6648,0.2045,0.6287,1.0,1
mayonnaise vegetable dip,241.27,3.01,4.8,23.44,0.41,4.39,119.58,91.42,0.28,4.58,Non-Veg,processed,0.0963,0.1536,0.7501,0.1279,2.0,1
curd vegetable dip,56.21,3.88,6.04,1.94,0.63,5.42,132.48,129.58,0.37,4.53,Veg,processed,0.3272,0.5093,0.1636,1.902,0.0,3
curd mint dip,76.13,4.82,9.11,2.44,0.77,7.83,222.77,172.79,0.82,3.28,Veg,processed,0.2944,0.5565,0.1491,1.8976,0.0,3
dessicated coconut chutney (sookhe kase nariyal ki chutney),346.36,12.88,36.72,15.88,13.16,10.41,321.07,73.55,5.44,0.15,Dessert,processed,0.1967,0.5608,0.2425,0.806,2.0,0
gun powder chutney,312.34,21.55,47.65,2.67,13.95,1.16,195.67,68.87,5.14,0.02,Dessert,processed,0.2998,0.663,0.0372,7.7798,2.0,0
saunth/sonth chutney with ginger,84.22,0.28,20.62,0.11,0.31,19.04,222.53,15.17,0.7,0.0,Veg,processed,0.0133,0.9814,0.0052,1.3333,0.0,3
walnut chutney (akhrot ki chutney),370.43,9.44,8.91,33.46,3.04,4.4,160.0,119.57,1.77,1.33,Dessert,processed,0.1822,0.172,0.6458,0.2813,3.0,0
gooseberry chutney (amla chutney),43.02,1.44,8.83,0.62,4.58,0.06,215.09,46.4,1.22,4.84,Snacks,processed,0.1322,0.8108,0.0569,2.0,0.0,2
coriander chutney (hare dhaniye ki chutney),42.86,1.38,8.16,0.37,2.47,5.5,186.64,39.8,1.63,4.24,Snacks,processed,0.1393,0.8234,0.0373,2.9362,0.0,2
mint tomato chutney (pudinay aur tamatar ki chutney),43.65,1.53,8.22,0.36,2.63,5.48,183.98,47.59,2.06,4.07,Snacks,processed,0.1513,0.8131,0.0356,3.3261,0.0,2
tomato ginger chutney (tamatar adarak ki chutney),44.66,1.05,9.11,0.32,2.14,6.31,209.42,23.63,1.08,3.65,Snacks,processed,0.1002,0.8693,0.0305,2.5,0.0,2
assorted pastry,230.74,6.78,31.99,8.91,0.43,19.7,49.99,47.2,0.94,0.25,Non-Veg,processed,0.1422,0.6709,0.1869,0.7525,2.0,1
chocolate pastry,243.37,7.05,32.24,10.12,0.32,22.34,46.54,50.7,1.44,0.25,Non-Veg,processed,0.1427,0.6525,0.2048,0.6898,2.0,1
jam filling,184.62,0.0,46.15,0.0,0.0,41.54,0.0,0.0,0.0,0.0,Non-Veg,processed,0.0,1.0,0.0,0.0,1.0,1
lemon curd filling,225.62,3.43,26.41,12.58,0.0,26.13,34.9,16.39,0.6,0.64,Non-Veg,processed,0.0809,0.6226,0.2966,0.2705,2.0,1
chocolate swiss roll,306.08,6.01,26.97,19.76,0.29,18.83,44.53,42.79,1.08,0.19,Dessert,processed,0.114,0.5114,0.3747,0.3026,2.0,0
chocolate sponge cake,239.86,9.13,39.54,5.51,0.52,25.0,61.47,33.99,1.81,0.0,Non-Veg,processed,0.1685,0.7298,0.1017,1.6275,2.0,1
chicken and corn open sandwich,188.16,8.63,19.21,8.83,1.67,2.48,226.72,65.13,0.8,2.12,Non-Veg,processed,0.2353,0.5239,0.2408,0.9664,1.0,1
danish luncheon sandwich,193.82,9.03,17.77,10.1,1.52,1.13,365.63,77.13,1.27,2.35,Non-Veg,processed,0.2447,0.4816,0.2737,0.8853,1.0,1
sunset and sunrise open sandwich,241.31,8.58,18.89,15.14,1.39,1.95,381.29,114.07,1.28,3.86,Non-Veg,processed,0.2014,0.4433,0.3553,0.563,2.0,1
cheese open sandwich,274.07,9.84,28.42,14.24,1.74,3.24,504.41,256.25,1.22,0.6,Dessert,processed,0.1874,0.5413,0.2712,0.6862,2.0,0
submarine sandwich,216.92,6.09,13.6,15.32,1.24,2.5,254.28,72.35,1.23,21.43,Non-Veg,processed,0.174,0.3885,0.4376,0.3949,2.0,1
checker board sandwich,348.37,7.37,25.94,24.65,2.22,2.9,358.25,188.02,1.11,0.05,Dessert,processed,0.1272,0.4476,0.4253,0.2978,2.0,0
ribbon sandwich,239.26,6.26,24.76,13.37,2.92,4.66,382.11,157.85,1.05,4.55,Non-Veg,processed,0.141,0.5578,0.3012,0.4647,2.0,1
rolled sandwich,293.07,6.45,34.69,15.29,2.07,2.7,321.57,117.68,1.23,0.91,Dessert,processed,0.1143,0.6147,0.271,0.4191,2.0,0
chicken walnut sandwich (chicken aur akhrot ke sandwich),285.78,12.58,22.62,16.77,1.53,1.77,287.39,78.45,1.12,0.0,Dessert,processed,0.2421,0.4353,0.3227,0.7457,2.0,0
spicy chutney sandwich,249.58,8.74,34.03,9.58,3.73,3.96,315.4,154.53,1.51,0.21,Non-Veg,processed,0.167,0.65,0.183,0.9029,2.0,1
christmas wreath biscuit,386.05,5.43,58.07,15.01,2.28,24.89,120.2,29.71,1.21,2.28,Dessert,processed,0.0692,0.7397,0.1912,0.3594,3.0,0
christmas biscuit,406.07,5.67,60.97,15.88,2.17,26.01,127.36,29.07,1.2,0.0,Non-Veg,processed,0.0687,0.7389,0.1924,0.3548,3.0,1
coffee drops,443.07,7.57,43.06,27.16,1.88,18.27,88.17,57.09,1.48,0.03,Non-Veg,processed,0.0973,0.5535,0.3491,0.2777,3.0,1
gingerman biscuit,357.43,6.26,55.24,12.73,2.0,21.64,918.57,41.35,1.59,3.65,Dessert,processed,0.0843,0.7442,0.1715,0.4879,3.0,0
orange biscuit,354.78,3.63,62.11,11.01,0.75,42.63,259.14,20.35,0.77,1.36,Dessert,processed,0.0473,0.8093,0.1435,0.3267,3.0,0
almond biscuit (badam ke biscuit),407.74,6.25,52.14,19.7,1.5,22.19,151.76,44.05,1.11,0.03,Non-Veg,processed,0.08,0.6677,0.2523,0.3157,3.0,1
chocolate butter icing,469.59,3.21,61.72,24.77,0.0,59.82,4.99,31.87,1.85,0.0,Non-Veg,processed,0.0358,0.6881,0.2761,0.1291,3.0,1
butter icing,500.72,0.19,71.64,25.37,0.0,71.64,5.98,12.48,0.14,0.0,Non-Veg,processed,0.002,0.737,0.261,0.0075,3.0,1
chocolate glace icing,436.29,3.22,62.43,20.8,0.0,59.88,8.66,26.75,2.04,0.0,Non-Veg,processed,0.0372,0.7222,0.2406,0.1541,3.0,1
orange eggless cake,355.62,7.16,52.65,13.82,0.56,37.87,226.28,205.84,0.52,3.47,Dessert,processed,0.0972,0.7151,0.1877,0.5144,3.0,0
chocolate eggless cake,312.01,6.66,43.45,13.19,0.32,34.2,196.61,185.38,0.95,2.67,Dessert,processed,0.1052,0.6864,0.2084,0.5011,2.0,0
victorian sandwich cake,373.09,5.18,44.74,19.83,0.59,28.18,145.28,36.25,0.86,0.08,Dessert,processed,0.0743,0.6414,0.2843,0.2599,3.0,0
dundee cake,396.62,7.78,41.4,22.7,1.81,21.3,182.74,58.11,1.57,0.07,Dessert,processed,0.1082,0.576,0.3158,0.3412,3.0,0
lemon cake,373.85,5.29,43.1,20.63,0.62,25.84,151.29,32.77,0.91,2.44,Dessert,processed,0.0766,0.6245,0.2989,0.2552,3.0,0
black forest gateau,217.82,5.94,30.57,8.58,0.28,21.97,79.37,46.79,1.09,143.5,Non-Veg,processed,0.1317,0.678,0.1903,0.6843,2.0,1
orange gateau,178.05,4.78,27.01,6.02,0.68,18.33,80.41,41.69,0.89,10.49,Non-Veg,processed,0.1264,0.7144,0.1592,0.781,1.0,1
cream buns,215.74,4.45,14.16,15.81,0.31,5.95,45.49,45.27,0.5,0.33,Non-Veg,processed,0.1293,0.4114,0.4593,0.2797,2.0,1
orange chiffon pie,207.57,3.89,23.14,11.16,0.7,10.46,73.23,30.34,0.62,84.88,Non-Veg,processed,0.1019,0.6059,0.2922,0.3455,2.0,1
lemon chiffon pie,259.31,4.88,27.63,14.52,0.66,11.39,94.95,34.43,0.61,7.18,Dessert,processed,0.1038,0.5875,0.3087,0.3338,2.0,0
apple banana pie,243.99,3.13,32.12,11.39,1.89,12.96,384.43,21.23,0.79,8.88,Non-Veg,processed,0.0671,0.6887,0.2442,0.2724,2.0,1
fruit puree tart,286.5,3.35,30.42,16.83,1.31,9.79,49.65,19.64,0.63,2.6,Dessert,processed,0.0662,0.6012,0.3326,0.1979,2.0,0
orange cream flan,280.28,4.73,36.16,13.59,0.63,25.27,82.41,27.9,0.93,43.79,Dessert,processed,0.0868,0.6637,0.2494,0.3455,2.0,0
fruit flan,261.35,3.3,34.71,12.48,0.71,9.52,110.04,19.28,0.61,3.3,Dessert,processed,0.0654,0.6875,0.2472,0.2623,2.0,0
flan pastry,445.8,6.72,47.84,25.04,1.58,6.22,193.23,21.85,1.15,0.0,Non-Veg,processed,0.0844,0.601,0.3146,0.2673,3.0,1
butterfly biscuit,341.45,9.98,25.33,22.11,1.02,2.44,572.05,202.49,1.09,0.03,Dessert,processed,0.1738,0.4411,0.3851,0.4493,2.0,0
cheese straws,382.0,9.83,30.61,24.28,1.29,1.79,587.42,160.64,1.29,0.0,Dessert,processed,0.1519,0.473,0.3752,0.4032,3.0,0
cherry and walnut cookies,422.6,5.63,59.35,18.75,1.3,30.37,114.62,46.27,1.31,0.0,Non-Veg,processed,0.0672,0.7088,0.2239,0.2987,3.0,1
jelly biscuit,404.61,4.23,55.24,19.33,2.02,29.76,110.57,36.46,1.19,0.03,Non-Veg,processed,0.0537,0.701,0.2453,0.2177,3.0,1
chocolate cream shells,427.17,5.1,59.26,19.34,0.9,34.72,126.84,28.53,1.08,0.0,Non-Veg,processed,0.0609,0.708,0.2311,0.2623,3.0,1
christmas tree biscuit,385.63,5.43,58.41,15.0,2.65,24.77,120.45,35.04,1.18,1.61,Dessert,processed,0.0689,0.7409,0.1903,0.3596,3.0,0
christmas star biscuit,392.03,3.54,74.54,10.04,1.47,53.05,76.09,22.75,0.96,0.01,Dessert,processed,0.0402,0.8459,0.1139,0.3491,3.0,0
christmas bell biscuit,404.85,5.66,60.79,15.84,2.33,25.94,127.01,32.0,1.22,0.0,Non-Veg,processed,0.0688,0.7387,0.1925,0.3551,3.0,1
lentils and semolina porridge (dal suji porridge/daliya),117.29,3.26,23.19,1.06,1.44,13.84,9.64,44.74,1.22,0.8,Veg,processed,0.1185,0.843,0.0385,2.8103,1.0,3
rice dal porridge (chawal dal ki khichdi/khichri),383.33,10.8,65.04,8.33,4.51,26.54,12.33,50.46,2.76,0.0,Dessert,processed,0.1283,0.7727,0.099,1.2811,3.0,0
banana groundnut paste/puree,213.19,4.27,36.15,5.45,1.7,31.67,16.85,74.93,1.9,3.02,Non-Veg,processed,0.0931,0.7881,0.1188,0.7694,2.0,1
cereal pulse mix with amylase rice flour,151.57,4.27,27.8,2.74,3.47,8.84,1.03,12.61,1.19,0.0,Non-Veg,processed,0.1227,0.7986,0.0787,1.5035,1.0,1
shishu ahar,93.37,2.61,17.42,1.43,1.02,6.61,2.68,13.78,1.02,0.0,Veg,processed,0.1216,0.8117,0.0666,1.7059,0.0,3
pulse mix,83.29,3.16,16.0,0.54,2.25,6.59,3.88,14.93,1.29,0.0,Veg,processed,0.1604,0.8122,0.0274,4.9375,0.0,3
cereal mix,120.81,3.32,21.84,2.02,2.03,10.68,9.29,21.4,1.18,0.62,Veg,processed,0.1221,0.8035,0.0743,1.566,1.0,3
sajina,345.26,10.81,66.87,3.03,7.62,25.89,11.7,54.4,5.39,0.0,Dessert,processed,0.1339,0.8285,0.0375,3.4537,2.0,0
pearl millet infant food (bajra shishu aahaar),362.44,11.98,62.1,6.62,7.84,26.06,12.67,118.52,5.67,0.0,Dessert,processed,0.1485,0.7695,0.082,1.7827,3.0,0
vegetable patties,261.92,4.01,20.98,17.74,2.62,1.49,139.52,18.96,0.87,13.92,Dessert,processed,0.0938,0.491,0.4152,0.2248,2.0,0
paneer patties,338.58,7.6,22.79,23.96,1.18,4.04,158.44,129.9,0.79,3.3,Dessert,processed,0.1398,0.4193,0.4408,0.3159,2.0,0
savoury cheese horns,295.15,5.66,21.38,20.71,0.73,2.74,212.28,121.83,0.63,2.31,Dessert,processed,0.1185,0.4477,0.4337,0.272,2.0,0
cream horns,408.23,3.42,23.12,33.55,0.6,7.12,57.11,30.93,0.44,0.5,Non-Veg,processed,0.0569,0.3848,0.5583,0.1016,3.0,1
potato aigrettes,530.03,2.35,8.01,54.24,0.45,0.73,112.45,9.2,0.45,1.16,Non-Veg,processed,0.0364,0.124,0.8396,0.0432,3.0,1
choux swans,216.34,4.35,14.92,15.6,0.35,6.13,145.08,44.67,0.51,4.27,Non-Veg,processed,0.1247,0.4279,0.4474,0.2771,2.0,1
savoury puffs,190.79,9.51,10.8,15.24,0.33,4.51,2274.24,68.83,1.19,1.49,Non-Veg,processed,0.2675,0.3038,0.4287,0.6199,1.0,1
atta dal burfi,298.8,6.66,40.64,12.47,4.08,21.08,3.56,17.07,1.56,0.0,Dessert,processed,0.1114,0.6799,0.2086,0.5298,2.0,0
gram flour and semolina dhokla (besan suji dhokla),198.91,8.52,25.92,7.1,4.59,2.58,196.59,66.66,1.6,6.55,Non-Veg,processed,0.2051,0.624,0.1709,1.1833,1.0,1
wheat flour and nuts ladoos (atta nuts ladoos),391.9,9.46,44.31,19.19,7.3,15.94,8.07,127.29,4.01,0.0,Dessert,processed,0.1297,0.6073,0.263,0.4904,3.0,0
besan bathua chilla/cheela,373.82,11.48,40.65,18.57,7.79,1.45,166.36,64.75,2.68,2.05,Dessert,processed,0.1624,0.575,0.2627,0.6149,3.0,0
soya chikki,423.7,7.18,62.89,15.51,3.55,45.47,17.24,81.25,4.47,0.0,Non-Veg,processed,0.0839,0.7349,0.1812,0.46,3.0,1
poshtik namak paras,613.39,6.49,19.52,56.58,4.55,0.87,44.01,60.74,2.03,0.38,Non-Veg,processed,0.0786,0.2363,0.6851,0.1145,3.0,1
fermented bengal gram vada (khameerikrit/ufna hua channa dal ka vada),657.57,4.05,8.68,67.19,2.65,0.35,63.87,20.5,1.38,3.95,Non-Veg,processed,0.0507,0.1086,0.8407,0.0602,3.0,1
sesame biscuit (til ke biscuit),424.03,8.27,53.65,19.34,6.83,29.73,182.26,298.06,5.73,0.0,Non-Veg,processed,0.1018,0.6602,0.238,0.4254,3.0,1
pearl millet mathri (bajra mathri),785.08,1.82,7.42,83.12,1.36,0.16,33.17,4.63,0.72,0.0,Non-Veg,processed,0.0197,0.0803,0.9,0.0219,3.0,1
chickpea flour cookies (sweet besan rounds/cookies),207.01,4.29,39.64,3.42,2.56,30.66,22.29,54.95,2.16,0.39,Non-Veg,processed,0.0906,0.8372,0.0722,1.2188,2.0,1
split bengal gram burfi/fudge (channa dal burfi),287.36,4.65,54.63,7.09,2.06,43.38,2.53,16.44,0.62,0.6,Dessert,processed,0.0701,0.8231,0.1068,0.6467,2.0,0
spinach peanut burfi (palak aur mungfali ki burfi),105.37,3.36,13.59,4.39,2.07,11.5,19.52,40.95,1.61,30.28,Veg,processed,0.1575,0.6368,0.2057,0.7483,1.0,3
maize porridge,89.57,2.14,15.64,1.89,1.68,7.69,5.59,17.02,1.11,3.03,Veg,processed,0.1088,0.7951,0.0961,1.0754,0.0,3
lentils and wheat porridge (dal wheat porridge/daliya ),52.54,2.71,8.36,0.94,1.28,0.92,62.79,26.28,0.52,0.6,Veg,processed,0.2256,0.6961,0.0783,2.6058,0.0,3
vegetable mix,174.21,4.7,36.02,0.94,1.93,27.36,34.94,90.06,2.27,8.48,Non-Veg,processed,0.1128,0.8646,0.0226,4.5192,1.0,1
spinach khichri (palak khichri/khichdi),102.18,3.43,17.35,1.91,1.56,0.21,69.59,10.43,0.65,3.03,Veg,processed,0.1512,0.7647,0.0842,1.7065,1.0,3
thandai,101.18,3.59,9.13,5.89,0.8,8.21,22.69,112.31,0.6,3.66,Veg,processed,0.1929,0.4906,0.3165,0.5993,1.0,3
apple and honey sorbet (seb aur shehad ka sharbat),121.3,0.15,30.74,0.29,1.13,29.18,1.97,9.11,0.18,5.08,Veg,processed,0.0048,0.9859,0.0093,0.3846,1.0,3
sattu drink,23.38,0.56,5.16,0.14,0.4,3.96,12.65,1.59,0.17,0.0,Snacks,processed,0.0956,0.8805,0.0239,2.3333,0.0,2
woodapple juice (bel ka sharbat),34.18,0.63,6.51,0.7,1.03,5.75,127.45,11.85,0.12,18.36,Snacks,processed,0.0804,0.8304,0.0893,0.7875,0.0,2
orange milkshake with ice cream (narangi milkshake ice cream ke saath),67.82,1.95,9.15,2.75,0.16,9.0,16.65,69.8,0.19,20.86,Veg,processed,0.1408,0.6606,0.1986,0.6842,0.0,3
pineapple milkshake with ice cream (ananas milkshake ice cream ke saath),68.49,1.93,9.33,2.75,0.42,9.2,16.65,68.78,0.12,18.32,Veg,processed,0.1378,0.666,0.1963,0.6772,0.0,3
mango milkshake with ice cream (aam milkshake ice cream ke saath),68.35,1.93,9.18,2.8,0.23,9.11,16.64,69.36,0.15,16.96,Veg,processed,0.1387,0.66,0.2013,0.6655,0.0,3
creamed spinach,96.91,5.18,4.44,6.39,1.33,1.59,156.02,122.3,1.89,62.17,Veg,processed,0.3235,0.2773,0.3991,0.7982,0.0,3
cauliflower potato canjee,16.79,0.57,2.63,0.39,0.69,0.13,35.58,6.78,0.28,15.57,Snacks,processed,0.1588,0.7326,0.1086,1.1633,0.0,2
stuffed bittergourd (dry) (bharwa karela),217.65,1.29,2.49,22.38,3.0,0.07,519.29,16.72,1.29,43.5,Non-Veg,processed,0.0493,0.0952,0.8555,0.0574,2.0,1
poshtik chilla/cheela,159.53,4.85,27.47,3.04,4.91,1.22,97.18,18.18,2.1,0.58,Non-Veg,processed,0.1372,0.7769,0.086,1.5446,1.0,1
semolina idli (suji/rava idli),206.39,9.34,33.67,3.47,5.85,3.42,185.02,100.85,2.34,1.61,Non-Veg,processed,0.2009,0.7244,0.0747,2.6162,2.0,1
sprouts upma,316.25,9.5,44.96,10.44,7.16,1.67,147.82,36.78,2.76,0.48,Dessert,processed,0.1464,0.6928,0.1609,0.9013,2.0,0
namkeen daliya,295.11,8.29,49.32,7.99,8.57,0.82,149.63,35.98,2.99,6.88,Dessert,processed,0.1264,0.7518,0.1218,1.0247,2.0,0
poshtik khichdi/khichri,93.37,3.04,15.64,1.88,2.0,0.26,41.67,30.41,1.0,25.77,Veg,processed,0.1479,0.7607,0.0914,1.5354,0.0,3
soya roti,283.96,9.18,40.03,9.23,8.71,1.58,155.93,53.42,3.85,4.04,Dessert,processed,0.1571,0.685,0.1579,0.9839,2.0,0
amaranth ladoo (rajgira ladoo),454.15,10.12,51.33,22.7,5.11,19.92,7.51,144.58,6.47,0.03,Non-Veg,processed,0.1203,0.61,0.2698,0.4439,3.0,1
lotus seed halwa (kamal gattay ka halwa),370.55,7.79,39.56,20.69,0.42,9.8,3.06,82.84,1.8,0.06,Dessert,processed,0.1145,0.5814,0.3041,0.3747,3.0,0
oats burfi,425.19,8.89,62.47,17.27,4.96,32.93,8.15,128.58,2.46,0.06,Non-Veg,processed,0.1003,0.7048,0.1949,0.5118,3.0,1
kiwi granola pudding,280.99,5.6,32.33,15.36,3.71,15.08,59.21,62.2,1.45,65.34,Dessert,processed,0.1051,0.6067,0.2882,0.3622,2.0,0
mango vanilla custard,147.63,3.43,18.41,7.04,0.99,14.62,30.12,84.86,0.58,16.05,Veg,processed,0.1188,0.6375,0.2438,0.4804,1.0,3
mango malpua,334.64,1.65,12.84,30.67,2.08,4.96,1.89,10.64,0.7,38.05,Dessert,processed,0.0365,0.2843,0.6791,0.0536,2.0,0
putharekulu,318.3,3.66,59.61,7.55,1.75,23.86,2.67,6.11,0.38,0.0,Dessert,processed,0.0517,0.8417,0.1066,0.4784,2.0,0
kesari bath,244.57,2.4,31.38,12.59,1.65,20.16,1.7,7.7,0.69,0.0,Non-Veg,processed,0.0518,0.6767,0.2715,0.1891,2.0,1
apple sago payasam (seb aur sabudana ki kheer),136.5,3.13,14.4,7.66,0.38,10.63,39.45,102.11,0.31,5.88,Veg,processed,0.1243,0.5717,0.3041,0.4034,1.0,3
coconut kheer (nariyal ki kheer),162.61,3.4,14.42,10.55,1.53,13.73,45.97,89.52,0.53,12.21,Non-Veg,processed,0.1198,0.5083,0.3719,0.3192,1.0,1
black rice kheer (chak-hao kheer),147.94,4.37,22.93,4.91,0.76,12.57,25.77,94.89,0.46,3.22,Veg,processed,0.1357,0.7119,0.1524,0.8723,1.0,3
saffron milk (kesariya doodh),102.18,3.17,12.64,4.57,0.14,12.5,23.69,110.88,0.21,4.84,Veg,processed,0.1555,0.6202,0.2242,0.6788,1.0,3
semolina milk drink (thari kanji),44.16,0.98,6.93,1.36,0.72,3.88,11.95,8.26,0.36,6.58,Snacks,processed,0.1057,0.7476,0.1467,0.6712,0.0,2
nannari sharbat,88.79,0.01,23.62,0.01,0.0,23.58,1.16,2.67,0.05,9.92,Veg,processed,0.0004,0.9992,0.0004,0.0909,0.0,3
apple oats chia seed smoothie,85.64,3.49,13.07,2.48,1.44,5.76,32.02,88.89,0.5,5.39,Veg,processed,0.1833,0.6864,0.1303,1.3527,0.0,3
cucumber sharbat (kheere ka sharbat),27.28,0.26,6.64,0.06,0.78,5.46,2.57,6.49,0.18,9.16,Snacks,processed,0.0374,0.954,0.0086,1.625,0.0,2
greenpea cookies,159.42,6.53,23.07,4.24,5.32,14.45,229.9,48.45,1.47,16.8,Non-Veg,processed,0.193,0.6817,0.1253,1.5046,1.0,1
pumpkin cookies,218.4,2.51,44.69,3.93,1.06,31.62,51.49,19.36,0.52,1.26,Non-Veg,processed,0.0491,0.874,0.0769,0.6228,2.0,1
raspberry shortbread cookies,441.12,3.0,61.25,21.25,0.75,40.86,6.06,13.81,0.6,0.01,Non-Veg,processed,0.0351,0.7164,0.2485,0.1405,3.0,1
sweet potato biscuit (shakarkand ke biscuit),296.4,5.14,38.13,13.31,2.27,2.53,339.58,56.34,0.81,7.95,Dessert,processed,0.0908,0.6739,0.2352,0.3833,2.0,0
lemon cookies,394.48,5.63,42.19,23.02,0.78,23.47,84.71,72.04,0.69,1.5,Dessert,processed,0.0795,0.5956,0.325,0.2435,3.0,0
buttermilk biscuit,322.54,5.76,34.93,17.5,1.18,3.44,323.74,67.16,0.77,0.0,Dessert,processed,0.099,0.6003,0.3007,0.3273,2.0,0
finger millet biscuit (ragi biscuit),458.56,4.03,52.69,25.79,5.97,16.9,98.24,207.04,2.54,0.0,Non-Veg,processed,0.0488,0.6386,0.3126,0.1557,3.0,1
kidney bean sandwich with cottage cheese,176.64,9.85,18.86,6.84,3.66,3.69,97.97,166.63,1.64,5.33,Non-Veg,processed,0.2771,0.5305,0.1924,1.4193,1.0,1
fish sandwich,150.2,4.72,10.09,10.37,1.23,1.04,161.88,47.28,0.69,3.89,Non-Veg,processed,0.1875,0.4007,0.4118,0.4508,1.0,1
watercress sandwich,229.42,5.17,28.03,11.47,2.26,1.81,407.44,98.16,0.99,2.23,Non-Veg,processed,0.1157,0.6275,0.2568,0.4468,2.0,1
prawn sandwich,169.65,10.36,11.89,9.27,1.55,1.21,213.38,75.53,1.11,12.57,Non-Veg,processed,0.3287,0.3772,0.2941,1.1057,1.0,1
gram flour halwa (besan halwa),276.79,5.88,25.78,17.3,1.82,15.83,15.4,77.42,0.67,1.66,Dessert,processed,0.1201,0.5266,0.3533,0.3379,2.0,0
thickened sweetened milk (rabri),102.79,3.52,10.55,5.35,0.19,10.09,23.92,111.87,0.29,4.09,Veg,processed,0.1813,0.5433,0.2755,0.6459,1.0,3
sweetened yogurt (shrikhand),107.18,5.27,16.02,2.89,0.08,15.81,73.61,183.02,0.17,2.79,Veg,processed,0.2179,0.6625,0.1195,1.7625,1.0,3
sweet couscous dessert,196.2,3.81,29.69,7.69,2.18,15.89,4.22,30.94,0.84,34.1,Non-Veg,processed,0.0925,0.7208,0.1867,0.4891,1.0,1
chhena poda,344.57,13.68,33.64,17.94,1.4,30.65,13.0,295.29,1.41,0.09,Dessert,processed,0.2096,0.5155,0.2749,0.7583,2.0,0
dosa,180.0,4.0,28.0,8.0,3.0,1.0,400.0,20.0,8.0,2.0,Snacks,sheet1,0.1,0.7,0.2,0.4938,1.0,2
paneer tikka,260.0,18.0,6.0,20.0,2.0,3.0,480.0,180.0,15.0,12.0,Veg,sheet1,0.4091,0.1364,0.4545,0.8955,2.0,3
chicken tikka,220.0,26.0,4.0,10.0,1.0,2.0,580.0,45.0,22.0,18.0,Non-Veg,sheet1,0.65,0.1,0.25,2.5743,2.0,1
baingan bharta,100.0,2.0,12.0,7.0,6.0,5.0,250.0,20.0,6.0,8.0,Veg,sheet1,0.0952,0.5714,0.3333,0.2817,0.0,3
rajma,130.0,8.0,21.0,3.0,9.0,2.0,400.0,40.0,4.0,4.0,Veg,sheet1,0.25,0.6562,0.0938,2.5806,1.0,3
vegetable pulao,200.0,5.0,32.0,8.0,3.0,4.0,500.0,35.0,10.0,15.0,Veg,sheet1,0.1111,0.7111,0.1778,0.6173,1.0,3
chole bhature,380.0,12.0,45.0,22.0,8.0,6.0,900.0,80.0,25.0,12.0,Veg,sheet1,0.1519,0.5696,0.2785,0.543,3.0,3
fish curry,180.0,22.0,6.0,8.0,1.0,2.0,700.0,45.0,20.0,15.0,Non-Veg,sheet1,0.6111,0.1667,0.2222,2.716,1.0,1
masoor dal,110.0,8.0,19.0,2.0,7.0,1.0,350.0,25.0,3.0,2.0,Veg,sheet1,0.2759,0.6552,0.069,3.8095,1.0,3
aloo gobi,140.0,3.0,15.0,10.0,5.0,3.0,300.0,25.0,8.0,30.0,Veg,sheet1,0.1071,0.5357,0.3571,0.297,1.0,3
chicken biryani,320.0,28.0,35.0,15.0,2.0,5.0,800.0,60.0,18.0,10.0,Non-Veg,sheet1,0.359,0.4487,0.1923,1.8543,2.0,1
palak paneer,220.0,14.0,8.0,18.0,4.0,2.0,450.0,200.0,12.0,25.0,Veg,sheet1,0.35,0.2,0.45,0.7735,2.0,3
dal tadka,120.0,7.0,18.0,4.0,8.0,2.0,400.0,30.0,2.0,5.0,Veg,sheet1,0.2414,0.6207,0.1379,1.7073,1.0,3
green chilli sauce,46.06,1.25,7.36,0.27,1.77,5.36,1037.04,9.89,0.64,6.0,Snacks,processed,0.1408,0.8288,0.0304,3.3784,0.0,2
home made plain noodles,238.78,6.21,44.5,3.56,1.65,1.07,182.07,12.27,1.07,6.0,Non-Veg,processed,0.1144,0.82,0.0656,1.6967,2.0,1
dal moong,43.69,2.2,4.92,1.62,1.08,0.13,117.74,7.69,0.52,6.0,Snacks,processed,0.2517,0.5629,0.1854,1.2791,0.0,2
cumin seeds baghar (jeera baghar/tadka),736.81,3.34,5.22,78.77,6.01,0.49,177.58,177.77,5.09,6.0,Non-Veg,processed,0.0382,0.0598,0.902,0.0423,3.0,1
onion tomato baghar (pyaaz tamatar ka tadka),137.52,1.26,6.17,11.98,2.12,3.51,31.33,20.45,0.63,6.0,Veg,processed,0.0649,0.3179,0.6172,0.1043,1.0,3
mustard seeds baghar (mustard seed tadka),552.59,4.73,10.45,54.3,9.74,1.14,8.9,182.93,4.14,6.0,Non-Veg,processed,0.0681,0.1504,0.7815,0.0869,3.0,1
hot cherry sauce,252.74,0.13,67.95,0.07,0.0,17.65,105.81,24.82,0.45,6.0,Dessert,processed,0.0019,0.9971,0.001,0.7647,2.0,0
apple jelly (seb ki jelly),152.13,0.1,39.37,0.21,0.86,38.18,2.14,7.89,0.15,6.0,Non-Veg,processed,0.0025,0.9922,0.0053,0.3226,1.0,1
marmalade (murabba),143.76,0.23,37.64,0.04,0.43,37.29,2.16,9.84,0.34,6.0,Veg,processed,0.0061,0.9929,0.0011,1.6429,1.0,3
plum squash (aloo bukhara squash),211.17,0.16,55.51,0.1,0.52,55.02,12.71,6.9,0.16,6.0,Non-Veg,processed,0.0029,0.9953,0.0018,0.8,2.0,1
lemon green chilli pickle (nimboo aur hari mirch ka achaar),14.07,0.85,2.14,0.24,1.07,1.0,7559.38,20.05,0.55,6.0,Snacks,processed,0.2632,0.6625,0.0743,2.5,0.0,2
brinjal pickle (baingan ka achaar),139.01,2.24,4.23,12.98,4.62,1.07,3507.59,37.28,2.16,6.0,Veg,processed,0.1152,0.2175,0.6674,0.1713,1.0,3
sweet and sour tomato pickle (khatta meetha tamatar ka achaar),60.88,1.26,6.55,3.24,2.2,4.31,1281.94,15.18,0.54,6.0,Veg,processed,0.114,0.5928,0.2932,0.3772,0.0,3
jhatpat achar with carrot (jhatpat achaar gajar ke saath),91.21,1.98,6.32,6.55,5.08,3.04,2067.33,54.31,2.32,6.0,Veg,processed,0.1333,0.4256,0.4411,0.2977,0.0,3
tomato chutney (tamatar ki chutney),176.07,0.97,31.85,6.01,1.49,30.02,823.65,25.34,0.96,6.0,Non-Veg,processed,0.025,0.8202,0.1548,0.1588,1.0,1
tomato ketchup,33.07,0.91,6.48,0.3,1.9,4.68,177.97,15.33,0.36,6.0,Snacks,processed,0.1183,0.8427,0.039,2.275,0.0,2
sweet wheat porridge (sweet dalia),140.66,5.11,23.77,2.79,2.37,12.23,24.63,99.18,1.98,6.0,Veg,processed,0.1614,0.7506,0.0881,1.7682,1.0,3
vegetable khichdi/khichri,143.17,5.61,19.57,4.53,2.45,3.71,193.55,100.54,1.09,6.0,Veg,processed,0.1888,0.6587,0.1525,1.2117,1.0,3
moong dal mixture,158.84,4.62,33.93,1.0,1.9,24.68,29.6,70.53,1.25,6.0,Non-Veg,processed,0.1168,0.8579,0.0253,4.2,1.0,1
cracked wheat khichri/khichdi (dalia khichri/khichdi),167.45,7.56,22.35,5.52,3.74,3.79,224.95,123.04,2.17,6.0,Non-Veg,processed,0.2134,0.6308,0.1558,1.3452,1.0,1
stewed apple,91.93,0.17,22.49,0.37,1.48,20.45,1.53,9.25,0.18,6.0,Veg,processed,0.0074,0.9766,0.0161,0.3617,0.0,3
lemon squash (nimbu ka squash),184.56,0.15,48.88,0.06,0.0,48.88,15.01,9.85,0.18,6.0,Non-Veg,processed,0.0031,0.9957,0.0012,0.9375,1.0,1
orange squash (santre ka squash),193.26,0.22,50.88,0.04,0.4,50.56,14.85,10.62,0.34,6.0,Non-Veg,processed,0.0043,0.9949,0.0008,1.5714,1.0,1
lichi squash,198.33,0.3,51.96,0.08,0.41,51.31,14.56,6.39,0.34,6.0,Non-Veg,processed,0.0057,0.9927,0.0015,1.6667,1.0,1
mango squash (aam ka squash),194.66,0.17,50.96,0.17,0.58,50.84,14.81,9.47,0.25,6.0,Non-Veg,processed,0.0033,0.9934,0.0033,0.6296,1.0,1
pineapple squash (ananas ka squash),195.02,0.16,51.34,0.05,1.06,51.08,14.84,7.96,0.18,6.0,Non-Veg,processed,0.0031,0.9959,0.001,1.0667,1.0,1
lemon and ginger squash (nimbu aur adrak ka squash),170.34,0.54,44.06,0.21,1.07,42.53,16.19,11.18,0.52,6.0,Non-Veg,processed,0.0121,0.9833,0.0047,1.7419,1.0,1
apple jam (seb ka murabba),188.79,0.14,48.56,0.32,1.29,46.76,2.71,10.84,0.21,6.0,Non-Veg,processed,0.0029,0.9906,0.0065,0.3333,1.0,1
plum jam (aloo bukhara jam),178.89,0.31,46.2,0.19,1.0,45.25,2.67,7.5,0.2,6.0,Non-Veg,processed,0.0066,0.9893,0.0041,1.069,1.0,1
pineapple jam,149.18,0.32,38.27,0.15,2.2,37.44,2.45,10.47,0.24,6.0,Veg,processed,0.0083,0.9879,0.0039,1.28,1.0,3
guava jelly (amrood ki jelly),115.74,1.11,28.18,0.25,6.61,27.38,3.36,16.55,0.29,6.0,Veg,processed,0.0376,0.954,0.0085,3.1714,1.0,3
orange marmalade (santray ka murabba),104.17,0.66,25.94,0.13,1.97,25.09,2.31,17.59,0.63,6.0,Veg,processed,0.0247,0.9704,0.0049,2.8696,1.0,3
carrot murabba (gajar ka murabba),175.24,0.32,45.6,0.16,1.39,44.83,19.53,15.86,0.28,6.0,Non-Veg,processed,0.0069,0.9896,0.0035,1.2308,1.0,1
gooseberry marmalade (amla murabba),123.16,0.14,32.34,0.03,0.0,28.61,216.89,16.4,0.38,6.0,Veg,processed,0.0043,0.9948,0.0009,1.0769,1.0,3
ginger candy (adrak ki candy),195.71,0.69,50.38,0.27,1.67,47.99,5.4,10.43,0.68,6.0,Non-Veg,processed,0.0134,0.9813,0.0053,1.8649,1.0,1
mango pickle (aam ka achaar),192.12,1.6,8.11,17.89,3.68,1.79,3429.94,48.97,1.44,6.0,Non-Veg,processed,0.058,0.2938,0.6482,0.0889,1.0,1
mixed vegetable pickle (sabziyoon ka achaar),211.2,1.9,7.48,19.68,2.76,2.77,2488.32,42.81,2.12,6.0,Non-Veg,processed,0.0654,0.2574,0.6772,0.0961,2.0,1
sweet lemon pickle (neembu ka meetha achaar),69.54,1.22,16.87,0.21,2.13,14.63,6415.9,42.57,1.02,6.0,Veg,processed,0.0667,0.9219,0.0115,3.9355,0.0,3
plum chutney (aloo bukhara ki chutney),177.11,0.47,44.95,0.29,1.37,43.9,216.81,12.38,0.34,6.0,Non-Veg,processed,0.0103,0.9834,0.0063,1.2051,1.0,1
raw mango chutney (kachhe aam/kairi ki chutney),193.13,0.51,49.94,0.16,2.17,45.22,480.68,25.92,0.48,6.0,Non-Veg,processed,0.0101,0.9868,0.0032,1.9615,1.0,1
tomato sauce,34.33,0.81,7.23,0.27,1.79,5.69,174.79,13.0,0.31,6.0,Snacks,processed,0.0975,0.87,0.0325,2.1892,0.0,2
tomato puree,20.62,0.75,3.68,0.25,1.56,2.32,244.99,8.91,0.22,6.0,Snacks,processed,0.1603,0.7863,0.0534,2.1429,0.0,2
garam masala,254.21,9.89,26.2,10.97,35.56,1.79,58.33,609.77,14.51,6.0,Dessert,processed,0.2102,0.5567,0.2331,0.8934,2.0,0
chat masala,222.58,8.19,23.87,9.91,18.62,0.79,11873.64,519.5,13.27,6.0,Non-Veg,processed,0.1951,0.5687,0.2361,0.8182,2.0,1
kashmiri masala,389.02,8.26,23.16,31.03,12.12,2.41,3106.14,303.49,14.72,6.0,Dessert,processed,0.1323,0.3709,0.4969,0.2653,3.0,0
rasam powder (rasam masala),267.96,12.04,25.19,11.8,35.71,1.91,38.78,562.15,14.72,6.0,Dessert,processed,0.2456,0.5138,0.2407,1.0118,2.0,0
sambar powder (sambar masala),297.46,12.5,23.38,15.58,34.56,1.87,27.66,439.95,12.63,6.0,Dessert,processed,0.2429,0.4543,0.3028,0.7972,2.0,0
tartare sauce,610.93,1.44,2.96,66.12,0.42,2.18,256.95,21.06,0.56,6.0,Non-Veg,processed,0.0204,0.042,0.9376,0.0217,3.0,1
barbeque sauce,121.93,0.96,20.46,4.51,0.69,18.88,504.95,28.61,1.15,6.0,Veg,processed,0.037,0.789,0.1739,0.2082,1.0,3
white sauce (thin),115.17,3.31,6.58,8.41,0.07,4.58,23.91,110.2,0.19,6.0,Veg,processed,0.1809,0.3596,0.4596,0.389,1.0,3
white sauce (medium),151.27,3.36,7.98,11.76,0.14,4.32,22.59,103.53,0.22,6.0,Non-Veg,processed,0.1455,0.3455,0.5091,0.2833,1.0,1
bread sauce,111.04,3.46,8.69,7.05,0.56,4.63,88.84,110.72,0.31,6.0,Veg,processed,0.1802,0.4526,0.3672,0.4839,1.0,3
bengal 5 spice blend (panch phoran),289.79,18.26,20.0,22.16,18.4,1.4,51.43,523.0,13.37,6.0,Dessert,processed,0.3022,0.331,0.3668,0.8203,2.0,0
short crust pastry,422.1,6.11,44.72,23.98,1.58,3.18,97.2,16.9,1.02,6.0,Non-Veg,processed,0.0817,0.5978,0.3205,0.2537,3.0,1
potato with curd,73.18,3.19,12.01,1.33,1.02,3.3,190.9,85.41,0.38,6.0,Veg,processed,0.193,0.7266,0.0805,2.2308,0.0,3
poha with curd (poha aur dahi),173.32,6.01,26.72,4.65,1.09,5.46,325.07,140.9,1.61,6.0,Non-Veg,processed,0.1608,0.7148,0.1244,1.2653,1.0,1
mashed banana with milk,95.43,2.51,14.62,2.99,0.71,11.35,16.99,78.64,0.23,6.0,Veg,processed,0.1248,0.7266,0.1486,0.8123,0.0,3
vegetable soup,55.21,2.22,7.6,1.55,3.01,1.61,170.68,18.1,0.63,6.0,Veg,processed,0.1953,0.6684,0.1363,1.3455,0.0,3
spinach soup in milk,56.72,2.89,3.98,3.2,0.79,3.34,31.16,106.1,1.08,6.0,Veg,processed,0.287,0.3952,0.3178,0.8758,0.0,3
rice flakes and roasted channa,333.4,10.57,71.94,2.94,8.84,1.31,205.51,17.23,4.51,6.0,Dessert,processed,0.1237,0.8419,0.0344,3.477,2.0,0
cracked wheat and green gram dal premix (dalia moong dal premix),362.16,15.89,64.75,5.11,11.66,0.63,3.25,49.03,4.28,6.0,Dessert,processed,0.1853,0.7551,0.0596,3.0499,3.0,0
channa murmura premix,339.09,10.59,72.59,3.28,8.21,1.52,206.28,21.36,4.58,6.0,Dessert,processed,0.1225,0.8396,0.0379,3.1331,2.0,0
gum icing,223.07,5.94,53.19,0.0,0.0,52.63,29.32,18.62,0.4,6.0,Non-Veg,processed,0.1005,0.8995,0.0,59.4,2.0,1
american frosting,257.57,1.05,67.48,0.01,0.0,67.46,19.33,7.05,0.14,6.0,Dessert,processed,0.0153,0.9845,0.0001,9.5455,2.0,0
royal icing,332.58,1.74,86.53,0.02,0.0,85.57,36.5,2.87,0.42,6.0,Dessert,processed,0.0197,0.9801,0.0002,14.5,2.0,0
glace icing,323.51,0.01,86.31,0.01,0.0,85.35,9.88,1.95,0.41,6.0,Dessert,processed,0.0001,0.9998,0.0001,0.0909,2.0,0
sponge cake,253.77,9.18,44.63,4.74,0.69,26.33,64.61,30.22,1.47,6.0,Dessert,processed,0.1568,0.7623,0.081,1.8967,2.0,0
flaky pastry,443.94,4.69,33.61,31.99,1.25,0.81,178.52,9.28,0.83,6.0,Non-Veg,processed,0.0667,0.4782,0.4551,0.1462,3.0,1
choux pastry,222.37,5.55,16.2,14.96,0.56,1.5,132.28,19.43,0.83,6.0,Non-Veg,processed,0.1512,0.4413,0.4075,0.3685,2.0,1
brown sauce,109.18,11.92,5.38,23.67,1.69,0.13,14174.59,40.44,2.46,6.0,Veg,processed,0.2909,0.1313,0.5777,0.5015,1.0,3
curd dip,79.95,5.04,7.95,3.36,0.1,7.12,301.07,167.17,0.25,6.0,Veg,processed,0.3083,0.4862,0.2055,1.4566,0.0,3
thousand island dressing,407.87,1.37,4.49,42.87,0.46,3.1,946.1,9.11,0.45,6.0,Non-Veg,processed,0.0281,0.0921,0.8797,0.0319,3.0,1
low calorie quick mayonnaise,242.89,1.41,4.71,24.35,0.06,0.83,165.94,6.47,0.25,6.0,Non-Veg,processed,0.0463,0.1546,0.7991,0.0577,2.0,1
mayonnaise,774.86,1.86,1.65,84.52,0.11,1.44,272.89,15.36,0.51,6.0,Non-Veg,processed,0.0211,0.0187,0.9601,0.022,3.0,1
pasta cheese sauce,149.26,4.33,9.0,10.84,0.14,4.22,255.95,152.68,0.25,6.0,Veg,processed,0.1791,0.3724,0.4485,0.3958,1.0,3
pasta spinach sauce,85.46,1.76,1.76,7.9,0.86,1.04,115.79,58.57,1.23,6.0,Veg,processed,0.1541,0.1541,0.6918,0.22,0.0,3
classic italian pasta,42.12,0.57,4.4,2.45,1.36,2.94,49.04,19.55,0.41,6.0,Snacks,processed,0.0768,0.593,0.3302,0.2235,0.0,2
cheese sauce,194.76,7.68,7.08,15.12,0.12,4.53,317.38,255.14,0.31,6.0,Non-Veg,processed,0.257,0.2369,0.506,0.5046,1.0,1
mustard sauce,158.58,3.98,8.29,12.17,0.13,4.22,22.16,109.03,0.44,6.0,Non-Veg,processed,0.1628,0.3392,0.498,0.3244,1.0,1
mushroom sauce,137.56,3.39,7.31,10.51,0.47,3.86,20.94,94.1,0.22,6.0,Veg,processed,0.1598,0.3446,0.4955,0.3195,1.0,3
egg sauce,146.85,5.97,5.88,11.08,0.12,3.19,51.54,89.49,0.65,6.0,Veg,processed,0.2604,0.2564,0.4832,0.534,1.0,3
white sauce (thick),209.69,3.43,10.24,17.19,0.24,3.9,20.45,92.74,0.27,6.0,Non-Veg,processed,0.1111,0.3318,0.557,0.1984,2.0,1
mysore pak,400.0,6.0,50.0,24.0,1.44,3.0,116.38,40.11,0.9,6.0,Dessert,nutrition_dataset,0.075,0.625,0.3,0.249,3.0,0
tandoori roti,300.0,8.0,50.0,4.0,1.44,3.0,116.38,40.11,0.9,6.0,Veg,nutrition_dataset,0.129,0.8065,0.0645,1.9512,2.0,3
veg hakka noodles,125.0,3.0,20.0,4.0,1.44,3.0,116.38,40.11,0.9,6.0,Veg,nutrition_dataset,0.1111,0.7407,0.1481,0.7317,1.0,3
kesari,200.0,3.0,30.0,8.0,1.44,3.0,116.38,40.11,0.9,6.0,Dessert,nutrition_dataset,0.0732,0.7317,0.1951,0.3704,1.0,0
pongal,110.0,3.0,17.5,3.5,1.44,3.0,116.38,40.11,0.9,6.0,Veg,nutrition_dataset,0.125,0.7292,0.1458,0.8333,1.0,3
dahi vada,133.33,4.0,16.67,6.67,1.44,3.0,116.38,40.11,0.9,6.0,Snacks,nutrition_dataset,0.1463,0.6097,0.244,0.5908,1.0,2
barfi,400.0,8.0,50.0,20.0,1.44,3.0,116.38,40.11,0.9,6.0,Dessert,nutrition_dataset,0.1026,0.641,0.2564,0.398,3.0,0
rava idli,150.0,4.0,25.0,4.0,1.44,3.0,116.38,40.11,0.9,6.0,Veg,nutrition_dataset,0.1212,0.7576,0.1212,0.9756,1.0,3
keema pav,175.0,9.0,17.5,7.5,1.44,3.0,116.38,40.11,0.9,6.0,Veg,nutrition_dataset,0.2647,0.5147,0.2206,1.1842,1.0,3
aloo matar,90.0,2.5,12.5,4.0,1.44,3.0,116.38,40.11,0.9,6.0,Veg,nutrition_dataset,0.1316,0.6579,0.2105,0.6098,0.0,3
pesarattu,133.33,4.0,20.0,4.67,1.44,3.0,116.38,40.11,0.9,6.0,Veg,nutrition_dataset,0.1395,0.6976,0.1629,0.8386,1.0,3
egg bhurji,133.33,8.0,6.67,8.0,1.44,3.0,116.38,40.11,0.9,6.0,Veg,nutrition_dataset,0.3529,0.2942,0.3529,0.9877,1.0,3
vegetable fried rice,110.0,2.5,20.0,3.0,1.44,3.0,116.38,40.11,0.9,6.0,Veg,nutrition_dataset,0.098,0.7843,0.1176,0.8065,1.0,3
kachori,275.0,5.0,31.25,15.0,1.44,3.0,116.38,40.11,0.9,6.0,Snacks,nutrition_dataset,0.0976,0.6098,0.2927,0.3311,2.0,2
gajar halwa,250.0,4.0,35.0,12.0,1.44,3.0,116.38,40.11,0.9,6.0,Dessert,nutrition_dataset,0.0784,0.6863,0.2353,0.3306,2.0,0
egg paratha,208.33,6.67,25.0,10.0,1.44,3.0,116.38,40.11,0.9,6.0,Veg,nutrition_dataset,0.1601,0.6,0.24,0.6604,2.0,3
aloo puri,150.0,3.0,20.0,6.0,1.44,3.0,116.38,40.11,0.9,6.0,Veg,nutrition_dataset,0.1034,0.6897,0.2069,0.4918,1.0,3
seviyan kheer,133.33,3.33,20.0,5.33,1.44,3.0,116.38,40.11,0.9,6.0,Dessert,nutrition_dataset,0.1162,0.6978,0.186,0.6133,1.0,0
prawn fry,183.33,15.0,4.17,11.67,1.44,3.0,116.38,40.11,0.9,6.0,Veg,nutrition_dataset,0.4864,0.1352,0.3784,1.2744,1.0,3
lauki sabzi,60.0,1.5,7.5,2.5,1.44,3.0,116.38,40.11,0.9,6.0,Veg,nutrition_dataset,0.1304,0.6522,0.2174,0.5769,0.0,3
mushroom masala,90.0,2.5,10.0,5.0,1.44,3.0,116.38,40.11,0.9,6.0,Veg,nutrition_dataset,0.1429,0.5714,0.2857,0.4902,0.0,3
aloo tikki,200.0,4.0,30.0,8.0,1.44,3.0,116.38,40.11,0.9,6.0,Snacks,nutrition_dataset,0.0952,0.7143,0.1905,0.4938,1.0,2
pani puri,125.0,2.5,20.83,4.17,1.44,3.0,116.38,40.11,0.9,6.0,Snacks,nutrition_dataset,0.0909,0.7575,0.1516,0.5855,1.0,2
roti (whole wheat),300.0,8.75,55.0,3.75,1.44,3.0,116.38,40.11,0.9,6.0,Veg,nutrition_dataset,0.1296,0.8148,0.0556,2.2727,2.0,3
chole masala,110.0,4.0,15.0,4.5,1.44,3.0,116.38,40.11,0.9,6.0,Veg,nutrition_dataset,0.1702,0.6383,0.1915,0.8696,1.0,3
paneer butter masala,150.0,6.0,7.5,11.0,1.44,3.0,116.38,40.11,0.9,6.0,Veg,nutrition_dataset,0.2449,0.3061,0.449,0.5405,1.0,3
mutton rogan josh,175.0,10.0,5.0,12.5,1.44,3.0,116.38,40.11,0.9,6.0,Veg,nutrition_dataset,0.3636,0.1818,0.4545,0.7937,1.0,3
fish curry (rohu),110.0,9.0,4.0,6.0,1.44,3.0,116.38,40.11,0.9,6.0,Veg,nutrition_dataset,0.4737,0.2105,0.3158,1.4754,1.0,3
rajma masala,100.0,4.0,15.0,3.0,1.44,3.0,116.38,40.11,0.9,6.0,Veg,nutrition_dataset,0.1818,0.6818,0.1364,1.2903,0.0,3
medu vada,180.0,5.0,25.0,8.0,1.44,3.0,116.38,40.11,0.9,6.0,Veg,nutrition_dataset,0.1316,0.6579,0.2105,0.6173,1.0,3
aloo paratha,233.33,5.0,33.33,10.0,1.44,3.0,116.38,40.11,0.9,6.0,Veg,nutrition_dataset,0.1035,0.6896,0.2069,0.495,2.0,3
paratha (plain),275.0,6.25,37.5,11.25,1.44,3.0,116.38,40.11,0.9,6.0,Veg,nutrition_dataset,0.1136,0.6818,0.2045,0.5507,2.0,3
dosa (plain),160.0,4.0,30.0,2.0,1.44,3.0,116.38,40.11,0.9,6.0,Veg,nutrition_dataset,0.1111,0.8333,0.0556,1.9048,1.0,3
prawn curry,125.0,9.0,5.0,7.5,1.44,3.0,116.38,40.11,0.9,6.0,Veg,nutrition_dataset,0.4186,0.2326,0.3488,1.1842,1.0,3
chana chaat,133.33,4.67,20.0,4.0,1.44,3.0,116.38,40.11,0.9,6.0,Snacks,nutrition_dataset,0.1629,0.6976,0.1395,1.139,1.0,2
rasam,40.0,1.0,7.5,1.0,1.44,3.0,116.38,40.11,0.9,6.0,Veg,nutrition_dataset,0.1053,0.7895,0.1053,0.9091,0.0,3
vegetable biryani,120.0,3.2,20.0,3.2,1.44,3.0,116.38,40.11,0.9,6.0,Veg,nutrition_dataset,0.1212,0.7576,0.1212,0.9697,1.0,3
tamarind chutney,200.0,1.67,50.0,1.67,1.44,3.0,116.38,40.11,0.9,6.0,Snacks,nutrition_dataset,0.0313,0.9374,0.0313,0.9435,1.0,2
mint chutney,133.33,3.33,16.67,6.67,1.44,3.0,116.38,40.11,0.9,6.0,Snacks,nutrition_dataset,0.1249,0.625,0.2501,0.4919,1.0,2
bhindi masala,90.0,2.0,10.0,5.0,1.44,3.0,116.38,40.11,0.9,6.0,Veg,nutrition_dataset,0.1176,0.5882,0.2941,0.3922,0.0,3
vegetable korma,110.0,3.0,12.5,6.0,1.44,3.0,116.38,40.11,0.9,6.0,Veg,nutrition_dataset,0.1395,0.5814,0.2791,0.4918,1.0,3
raita,80.0,3.0,10.0,3.0,1.44,3.0,116.38,40.11,0.9,6.0,Veg,nutrition_dataset,0.1875,0.625,0.1875,0.9677,0.0,3
papad,333.33,13.33,40.0,13.33,1.44,3.0,116.38,40.11,0.9,6.0,Snacks,nutrition_dataset,0.2,0.6001,0.2,0.9926,2.0,2
biryani masala,300.0,10.0,60.0,10.0,1.44,3.0,116.38,40.11,0.9,6.0,Snacks,nutrition_dataset,0.125,0.75,0.125,0.9901,2.0,2
palak dal,90.0,4.0,10.0,4.0,1.44,3.0,116.38,40.11,0.9,6.0,Veg,nutrition_dataset,0.2222,0.5556,0.2222,0.9756,0.0,3
coconut chutney,200.0,3.33,16.67,16.67,1.44,3.0,116.38,40.11,0.9,6.0,Snacks,nutrition_dataset,0.0908,0.4546,0.4546,0.1986,1.0,2
masala chai,66.67,1.33,10.0,2.67,1.44,3.0,116.38,40.11,0.9,6.0,Snacks,nutrition_dataset,0.095,0.7143,0.1907,0.4801,0.0,2
lassi,75.0,2.0,10.0,3.0,1.44,3.0,116.38,40.11,0.9,6.0,Snacks,nutrition_dataset,0.1333,0.6667,0.2,0.6452,0.0,2
fish fry (pomfret),220.0,18.0,5.0,14.0,1.44,3.0,116.38,40.11,0.9,6.0,Veg,nutrition_dataset,0.4865,0.1351,0.3784,1.2766,2.0,3
butter naan,350.0,7.0,50.0,12.0,1.44,3.0,116.38,40.11,0.9,6.0,Veg,nutrition_dataset,0.1014,0.7246,0.1739,0.5785,2.0,3
